beach_id,risk_band,p_exceed,sample_age_days_served,advisory_floor_applied,name,county,forecast_date,n_365d,rate_365d,p_lookup,last_sample_date,last_sample_exceeds,last_sample_value,sample_age_days_lookup,advisory_active,rain_flag,band,abs_diff,p_diff
ca801475-san-diego-silver-strand-state-beach-ib-068,Moderate,0.257143,2,False,Silver Strand - Guard Shack,San Diego,2026-09-22,323,0.8235294117647058,0.8137042571576192,2026-09-20,False,545.0,2,False,False,Elevated,0.5565612571576192,0.5565612571576192
ca204955-san-diego-coronado-city-beaches-ib-079,High,0.3,2,True,Avenida Lunar,San Diego,2026-09-22,324,0.691358024691358,0.6835714174702099,2026-09-20,False,217.0,2,False,False,Elevated,0.3835714174702099,0.3835714174702099
ca575202-los-angeles-will-rogers-state-beach-smb-2-1,Low,0.064538,6,False,Castle Rock SD,Los Angeles,2026-09-22,65,0.4461538461538462,0.4270713763957007,2026-09-16,False,10.0,6,False,False,Elevated,0.3625333763957007,0.3625333763957007
ca506450-san-diego-san-diego-bay-eh-080,Low,0.064538,4,False,Glorietta Bay,San Diego,2026-09-22,37,0.3783783783783784,0.35464277018331075,2026-09-18,False,262.0,4,False,False,Elevated,0.29010477018331077,0.29010477018331077
ca316627-san-diego-dog-beach-o-b-fm-010,Low,0.064538,5,False,San Diego River outlet,San Diego,2026-09-22,78,0.358974358974359,0.348132486116856,2026-09-17,False,423.0,5,False,False,Elevated,0.283594486116856,0.283594486116856
ca204955-san-diego-coronado-city-beaches-eh-050,High,0.481481,8,False,Loma Ave (frmrly Isabella,San Diego,2026-09-22,217,0.7741935483870968,0.7607882718364822,2026-09-14,False,419.0,8,False,False,Elevated,0.27930727183648224,0.27930727183648224
ca113100-san-mateo-erckenbrack-park-foster-city-erckenbrack-park,High,0.684211,8,False,"Erckenbrack Park, at beach",San Mateo,2026-09-22,46,0.43478260869565216,0.40970581073919704,2026-09-14,False,30.0,8,False,False,Elevated,0.274505189260803,-0.274505189260803
ca389133-marin-dillon-beach-dillon,High,0.3,8,True,DILLON,Marin,2026-09-22,28,0.0,0.027121101445425767,2026-09-14,False,10.0,8,True,False,Posted,0.2728788985545742,-0.2728788985545742
ca331294-los-angeles-escondido-beach-smb-1-8,Low,0.064538,7,False,Escondido Creek,Los Angeles,2026-09-22,62,0.3387096774193548,0.3267909902641649,2026-09-15,False,10.0,7,False,False,Elevated,0.26225299026416493,0.26225299026416493
ca000886-los-angeles-topanga-state-beach-smb-1-18,Low,0.013051,3,False,Topanga Beach,Los Angeles,2026-09-22,235,0.2680851063829787,0.26622915144874604,2026-09-19,False,10.0,3,False,False,Elevated,0.25317815144874606,0.25317815144874606
ca575202-los-angeles-will-rogers-state-beach-smb-2-7,Low,0.019868,3,False,Santa Monica Canyon on Will Rogers State Beach,Los Angeles,2026-09-22,234,0.27350427350427353,0.27152718137112575,2026-09-19,False,10.0,3,False,False,Elevated,0.25165918137112575,0.25165918137112575
ca474271-los-angeles-avalon-beach-dph-120,High,0.3,5,True,West of the pier,Los Angeles,2026-09-22,30,0.03333333333333333,0.05414275279140144,2026-09-17,False,10.0,5,True,False,Posted,0.24585724720859856,-0.24585724720859856
ca844317-ventura-solimar-beach-10000,High,0.3,8,True,10000,Ventura,2026-09-22,28,0.03571428571428571,0.05742413174845607,2026-09-14,False,10.0,8,False,False,Low,0.24257586825154392,-0.24257586825154392
ca068221-san-diego-imperial-beach-municipal-beach-other-ib-050,High,0.684211,2,False,End of Seacoast Dr,San Diego,2026-09-22,279,0.9390681003584229,0.9256866068580953,2026-09-20,True,1685.0,2,False,False,Elevated,0.24147560685809533,0.24147560685809533
ca432983-san-diego-imperial-beach-pier-area-eh-030,Very High,0.709302,2,False,Imperial Beach Pier,San Diego,2026-09-22,322,0.9596273291925466,0.947691120329355,2026-09-20,False,902.0,2,False,False,Elevated,0.238389120329355,0.238389120329355
ca034301-los-angeles-marina-del-rey-beach-mothers-beach-mdrh-2,Low,0.064538,3,False,Lifeguard Tower,Los Angeles,2026-09-22,114,0.30701754385964913,0.30163862477058023,2026-09-19,False,20.0,3,False,False,Elevated,0.23710062477058025,0.23710062477058025
ca852440-san-mateo-pillar-point-harbor-pillar-point-7,Low,0.06875,8,False,local name = surf-west point avenue,San Mateo,2026-09-22,47,0.3191489361702128,0.3056730066865202,2026-09-14,False,20.0,8,False,False,Elevated,0.2369230066865202,0.2369230066865202
ca068221-san-diego-imperial-beach-municipal-beach-other-eh-010,Very High,0.7,2,False,Cortez Ave,San Diego,2026-09-22,278,0.9496402877697842,0.9360247220766752,2026-09-20,True,1752.0,2,False,False,Elevated,0.23602472207667524,0.23602472207667524
ca839312-san-diego-baja-california-mexico-bc-010,Very High,0.930233,28,False,Playas Blanca MEX,San Diego,2026-09-22,48,0.75,0.6961320065603595,2026-08-25,True,280.0,28,False,False,Elevated,0.23410099343964053,-0.23410099343964053
ca377016-san-diego-mission-bay-fanuel-park-mb-120,Low,0.064538,6,False,Fanuel Park,San Diego,2026-09-22,36,0.3055555555555556,0.29012186213900126,2026-09-16,False,662.0,6,False,False,Elevated,0.22558386213900128,0.22558386213900128
ca134387-san-diego-north-imperial-beach-ib-060,Very High,0.709302,2,False,Carnation Ave.,San Diego,2026-09-22,326,0.9355828220858896,0.9241540675157072,2026-09-20,False,1174.0,2,False,False,Elevated,0.21485206751570718,0.21485206751570718
ca624767-san-diego-harbor-beach-oc-110,High,0.3,8,True,OC-110,San Diego,2026-09-22,48,0.08333333333333333,0.09235842165469907,2026-09-14,False,195.0,8,True,False,Posted,0.20764157834530092,-0.20764157834530092
ca149281-los-angeles-paradise-cove-dph-006,Low,0.064538,28,False,Ramirez Creek,Los Angeles,2026-09-22,39,0.28205128205128205,0.27034082608406934,2026-08-25,False,10.0,28,False,False,Elevated,0.20580282608406936,0.20580282608406936
ca447069-san-mateo-pacifica-state-beach-linda-mar-beach-5,High,0.684211,8,False,Linda Mar Beach # 555,San Mateo,2026-09-22,48,0.5208333333333334,0.4885848367490387,2026-09-14,False,31.0,8,False,False,Elevated,0.19562616325096133,-0.19562616325096133
ca125649-santa-barbara-goleta-beach-wp0000037,High,0.3,8,True,WP0000037,Santa Barbara,2026-09-22,51,0.09803921568627451,0.10526779192319734,2026-09-14,False,52.0,8,True,False,Posted,0.19473220807680264,-0.19473220807680264
ca296453-humboldt-luffenholtz-beach-luffenholtz-creek,Moderate,0.299578,8,False,Luffenholtz Beach near Luffenholtz Creek.,Humboldt,2026-09-22,31,0.0967741935483871,0.10819434299164028,2026-09-14,False,20.0,8,False,False,Elevated,0.19138365700835974,-0.19138365700835974
ca876094-san-diego-la-jolla-shores-beach-fm-080,Low,0.133495,7,False,Ave De La Playa,San Diego,2026-09-22,84,0.3333333333333333,0.32466288031122525,2026-09-15,False,464.0,7,False,False,Elevated,0.19116788031122525,0.19116788031122525
ca895390-san-diego-mission-bay-de-anza-cove-mb-070,Low,0.06875,5,False,1st drain east of swim area,San Diego,2026-09-22,45,0.26666666666666666,0.257899926953981,2026-09-17,False,782.0,5,False,False,Elevated,0.189149926953981,0.189149926953981
ca852440-san-mateo-pillar-point-harbor-pillar-point-5,Moderate,0.299578,8,False,Pillar Point #5 (local name = Capistrano),San Mateo,2026-09-22,48,0.5208333333333334,0.4885848367490387,2026-09-14,False,10.0,8,False,False,Elevated,0.18900683674903868,0.18900683674903868
ca506450-san-diego-san-diego-bay-eh-211,High,0.3,5,True,Lawrence St. outlet,San Diego,2026-09-22,30,0.1,0.11128560993425858,2026-09-17,False,444.0,5,False,False,Elevated,0.18871439006574142,-0.18871439006574142
ca604254-san-diego-coronado-north-beach-eh-060,High,0.5,8,False,Navy Fence (A),San Diego,2026-09-22,231,0.696969696969697,0.6859957472360129,2026-09-14,False,677.0,8,False,False,Elevated,0.18599574723601286,0.18599574723601286
ca735620-los-angeles-santa-monica-state-beach-smb-3-3,High,0.3,3,True,Santa Monica Pier,Los Angeles,2026-09-22,234,0.48717948717948717,0.48073220229162783,2026-09-19,True,160.0,3,True,False,Posted,0.18073220229162784,0.18073220229162784
ca034301-los-angeles-marina-del-rey-beach-mothers-beach-mdrh-1,Low,0.048367,3,False,Playground,Los Angeles,2026-09-22,284,0.22887323943661972,0.2280103679851178,2026-09-19,False,10.0,3,False,False,Elevated,0.17964336798511782,0.17964336798511782
ca447069-san-mateo-pacifica-state-beach-linda-mar-beach-7,High,0.684211,8,False,Linda Mar Beach #7 (S. pump station),San Mateo,2026-09-22,48,0.5416666666666666,0.5074527612773405,2026-09-14,False,31.0,8,False,False,Elevated,0.1767582387226595,-0.1767582387226595
ca133077-long-beach-city-alamitos-bay-beach-b-14,Moderate,0.290123,8,False,Alamitos-Bay shore Float,Los Angeles,2026-09-22,37,0.10810810810810811,0.11654753208807264,2026-09-14,False,87.0,8,False,False,Elevated,0.17357546791192738,-0.17357546791192738
ca333308-san-diego-oceanside-municipal-beach-other-oc-080,High,0.3,8,True,Oceanside pier,San Diego,2026-09-22,33,0.12121212121212122,0.12881569336050133,2026-09-14,False,596.0,8,True,False,Posted,0.17118430663949866,-0.17118430663949866
ca424988-san-diego-mission-bay-sail-bay-mb-131,Moderate,0.290123,4,False,"Santa Clara Cove, S end",San Diego,2026-09-22,36,0.5,0.46085356945607436,2026-09-18,False,1335.0,4,False,False,Elevated,0.17073056945607434,0.17073056945607434
ca218180-santa-barbara-east-beach-wp0000085,Low,0.105431,8,False,East Beach- Mission Creek,Santa Barbara,2026-09-22,53,0.2830188679245283,0.274051661167225,2026-09-14,False,40.0,8,False,False,Elevated,0.16862066116722502,0.16862066116722502
ca699607-long-beach-city-colorado-lagoon-b-24,Moderate,0.297872,8,False,Colorado Lagoon-South,Los Angeles,2026-09-22,40,0.125,0.1309999188377567,2026-09-14,False,75.0,8,False,False,Elevated,0.16687208116224334,-0.16687208116224334
ca674364-los-angeles-inner-cabrillo-beach-cb-01,High,0.3,4,True,CB-01,Los Angeles,2026-09-22,238,0.13445378151260504,0.1353703553403253,2026-09-18,False,10.0,4,False,False,Elevated,0.1646296446596747,-0.1646296446596747
ca432374-santa-cruz-waddell-creek-beach-o590,Low,0.048367,22,False,O590,Santa Cruz,2026-09-22,4,0.25,0.21055514974433892,2026-08-31,False,10.0,22,False,False,Elevated,0.16218814974433893,0.16218814974433893
ca228730-humboldt-clam-beach-co-park-clam-beach-co-park,High,0.481481,8,False,Clam Beach near Strawberry Creek,Humboldt,2026-09-22,35,0.34285714285714286,0.32237490869247626,2026-09-14,False,84.0,8,False,False,Elevated,0.15910609130752373,-0.15910609130752373
ca104746-san-diego-tijuana-slough-national-wildlife-refuge-ib-040,High,0.340909,28,False,3/4 mi. N of TJ River,San Diego,2026-09-22,49,0.5306122448979592,0.49805548792035276,2026-08-25,False,80.0,28,False,False,Elevated,0.15714648792035274,0.15714648792035274
ca279698-long-beach-city-long-beach-b-5,Low,0.064538,6,False,5th Place-Beach,Los Angeles,2026-09-22,110,0.21818181818181817,0.21647822911042652,2026-09-16,False,75.0,6,False,False,Elevated,0.15194022911042654,0.15194022911042654
ca383867-san-mateo-gull-park-foster-city-gull-park-foster-city,Moderate,0.285714,8,False,"Gull Park, at beach",San Mateo,2026-09-22,46,0.13043478260869565,0.13519600681762844,2026-09-14,False,10.0,8,False,False,Elevated,0.15051799318237158,-0.15051799318237158
ca852440-san-mateo-pillar-point-harbor-pillar-point-9,High,0.5,8,False,local name = outter harbor,San Mateo,2026-09-22,46,0.3695652173913043,0.3508822813274323,2026-09-14,False,63.0,8,False,False,Elevated,0.14911771867256768,-0.14911771867256768
ca052127-santa-cruz-mitchell-s-cove-beach-o520,Low,0.026316,29,False,Mitchells Cove Beach,Santa Cruz,2026-09-22,46,0.17391304347826086,0.17441169309213825,2026-08-24,False,30.0,29,False,False,Elevated,0.14809569309213824,0.14809569309213824
ca826873-east-bay-parks-district-keller-beach-contra-costa-co-keller-north-beach,Low,0.059429,14,False,North Beach,East Bay Parks District,2026-09-22,38,0.21052631578947367,0.2068603801790477,2026-09-08,False,20.0,14,False,False,Elevated,0.1474313801790477,0.1474313801790477
ca279698-long-beach-city-long-beach-b-56,Low,0.063492,6,False,10th Place-Beach,Los Angeles,2026-09-22,118,0.211864406779661,0.21052842559104917,2026-09-16,False,10.0,6,False,False,Elevated,0.14703642559104918,0.14703642559104918
ca246103-san-diego-mission-bay-leisure-lagoon-mb-053,Low,0.064538,5,False,Comfort St N of Leisure,San Diego,2026-09-22,33,0.21212121212121213,0.20776306178155396,2026-09-17,False,939.0,5,False,False,Elevated,0.14322506178155398,0.14322506178155398
ca133077-long-beach-city-alamitos-bay-beach-b-31,Moderate,0.299578,14,False,56th Place-On Bayside,Los Angeles,2026-09-22,39,0.15384615384615385,0.1567044624477057,2026-09-08,True,2005.0,14,False,False,Elevated,0.14287353755229432,-0.14287353755229432
ca839312-san-diego-baja-california-mexico-bc-020,High,0.310345,28,False,El Vigia MEX,San Diego,2026-09-22,48,0.16666666666666666,0.16783011976790663,2026-08-25,True,120.0,28,False,False,Elevated,0.14251488023209335,-0.14251488023209335
ca624767-san-diego-harbor-beach-oc-100,High,0.3,7,True,San Luis Rey River outlet,San Diego,2026-09-22,83,0.1566265060240964,0.1578976857693074,2026-09-15,False,2.0,7,True,False,Posted,0.14210231423069258,-0.14210231423069258
marin-all-marin-county-green-bridge,High,0.3,8,True,GREEN BRIDGE,Marin,2026-09-22,26,0.15384615384615385,0.15790310799029197,2026-09-14,False,10.0,8,False,False,Elevated,0.14209689200970801,-0.14209689200970801
ca534500-san-mateo-gazos-creek-access-gazos-creek-access,Low,0.064538,8,False,Gazos Creek Access,San Mateo,2026-09-22,48,0.20833333333333334,0.2055659688245104,2026-09-14,False,10.0,8,False,False,Elevated,0.1410279688245104,0.1410279688245104
ca152716-san-diego-cardiff-state-beach-se-060,Low,0.105431,7,False,Cardiff/ San Elijo Lagoon,San Diego,2026-09-22,56,0.25,0.2441802679950664,2026-09-15,False,410.0,7,False,False,Elevated,0.1387492679950664,0.1387492679950664
ca626051-san-mateo-dunes-state-beach-dunes-state-beach,Low,0.048367,8,False,Dunes State Beach,San Mateo,2026-09-22,48,0.1875,0.1866980442962085,2026-09-14,False,10.0,8,False,False,Elevated,0.13833104429620852,0.13833104429620852
ca279698-long-beach-city-long-beach-b-60,Low,0.059429,6,False,Molino Ave-Beach,Los Angeles,2026-09-22,126,0.1984126984126984,0.1976717278450309,2026-09-16,False,20.0,6,False,False,Elevated,0.1382427278450309,0.1382427278450309
ca549911-east-bay-parks-district-crown-beach-alameda-co-crown-bird-sanctuary,Low,0.064538,14,False,Bird Sanctuary,East Bay Parks District,2026-09-22,39,0.20512820512820512,0.20215900790225116,2026-09-08,False,20.0,14,False,False,Elevated,0.13762100790225118,0.13762100790225118
ca748587-san-diego-tourmaline-surfing-park-fm-030,Low,0.059429,6,False,Tourmaline drain outlet,San Diego,2026-09-22,81,0.19753086419753085,0.19645344590347733,2026-09-16,False,830.0,6,False,False,Elevated,0.13702444590347732,0.13702444590347732
ca649438-san-francisco-islais-creek-channel-bay-320-sl,Low,0.064538,7,False,Islais creek at Islais Landing,San Francisco,2026-09-22,64,0.203125,0.2013767586623051,2026-09-15,False,10.0,7,False,False,Elevated,0.1368387586623051,0.1368387586623051
ca148363-marin-mcnears-beach-mcnears-beach,High,0.3,7,True,McNEARS BEACH,Marin,2026-09-22,25,0.16,0.16316654492330168,2026-09-15,True,121.0,7,True,False,Posted,0.1368334550766983,-0.1368334550766983
ca308430-san-mateo-aquatic-park-aquatic-park,High,0.3,8,True,Aquatic Park,San Mateo,2026-09-22,49,0.16326530612244897,0.16472215458701947,2026-09-14,False,10.0,8,False,False,Elevated,0.13527784541298052,-0.13527784541298052
ca880471-santa-cruz-capitola-city-beach-o240,Low,0.038045,8,False,Capitola Beach west of Jetty,Santa Cruz,2026-09-22,47,0.1702127659574468,0.1710576220711356,2026-09-14,False,10.0,8,False,False,Elevated,0.1330126220711356,0.1330126220711356
ca549911-east-bay-parks-district-crown-beach-alameda-co-crown-2001-shoreline-dr,Low,0.019868,14,False,2001 Shoreline Dr.,East Bay Parks District,2026-09-22,41,0.14634146341463414,0.14989122494997936,2026-09-08,False,10.0,14,False,False,Elevated,0.13002322494997937,0.13002322494997937
ca981265-ventura-surfers-knoll-beach-25000,Low,0.038045,7,False,Surfer's Knoll Beach,Ventura,2026-09-22,48,0.16666666666666666,0.16783011976790663,2026-09-15,False,10.0,7,False,False,Elevated,0.12978511976790663,0.12978511976790663
ca506450-san-diego-san-diego-bay-eh-070,High,0.310345,8,False,Tidelands Park,San Diego,2026-09-22,61,0.45901639344262296,0.4378029749651371,2026-09-14,False,438.0,8,False,False,Elevated,0.1274579749651371,0.1274579749651371
ca279698-long-beach-city-long-beach-b-10,Moderate,0.290123,14,False,55th Place-Beach,Los Angeles,2026-09-22,43,0.16279069767441862,0.16447909057706356,2026-09-08,True,2005.0,14,False,False,Elevated,0.12564390942293646,-0.12564390942293646
ca297539-san-francisco-mission-bay-channel-bay-220-sl,Low,0.064538,8,False,Mission creek at kayak landing,San Francisco,2026-09-22,58,0.1896551724137931,0.18880946583649286,2026-09-14,False,10.0,8,False,False,Elevated,0.12427146583649286,0.12427146583649286
ca400656-humboldt-moonstone-beach-moonstone-beach,High,0.3,8,True,Moonstone Beach near Little River,Humboldt,2026-09-22,34,0.17647058823529413,0.1767947781461295,2026-09-14,False,10.0,8,False,False,Elevated,0.12320522185387048,-0.12320522185387048
ca279698-long-beach-city-long-beach-b-8,Low,0.064538,6,False,W/side of Belmont Pier,Los Angeles,2026-09-22,114,0.18421052631578946,0.18399156594705082,2026-09-16,False,31.0,6,False,False,Elevated,0.11945356594705082,0.11945356594705082
ca809706-san-diego-border-field-state-park-ib-010,High,0.3,28,True,Border Fence N side,San Diego,2026-09-22,64,0.4375,0.41876806301013114,2026-08-25,False,34.0,28,False,False,Elevated,0.11876806301013115,0.11876806301013115
ca826873-east-bay-parks-district-keller-beach-contra-costa-co-keller-mid-beach,Low,0.182353,14,False,Mid Beach,East Bay Parks District,2026-09-22,38,0.3157894736842105,0.29988363599300116,2026-09-08,False,52.0,14,False,False,Elevated,0.11753063599300118,0.11753063599300118
ca432205-san-mateo-san-gregorio-state-beach-san-gregorio-state-beach,Low,0.059429,8,False,San Gregorio State Beach,San Mateo,2026-09-22,46,0.17391304347826086,0.17441169309213825,2026-09-14,False,10.0,8,False,False,Elevated,0.11498269309213824,0.11498269309213824
ca792491-san-francisco-candlestick-point-bay-301-1-sl,Low,0.059429,8,False,Windsurfer Circle,San Francisco,2026-09-22,52,0.17307692307692307,0.17359642715261492,2026-09-14,False,41.0,8,False,False,Elevated,0.11416742715261491,0.11416742715261491
ca133077-long-beach-city-alamitos-bay-beach-b-67,Moderate,0.22807,8,False,2nd St Bridge & Bayshore,Los Angeles,2026-09-22,36,0.1111111111111111,0.11939015482192807,2026-09-14,False,10.0,8,False,False,Elevated,0.10867984517807193,-0.10867984517807193
ca116523-santa-cruz-seabright-beach-o440,Low,0.019868,8,False,Seabright State Beach,Santa Cruz,2026-09-22,49,0.12244897959183673,0.12768511754998244,2026-09-14,False,10.0,8,False,False,Elevated,0.10781711754998244,0.10781711754998244
ca777037-santa-cruz-hidden-beach-o100,Low,0.006059224691092562,41,False,Platform State Beach,Santa Cruz,2026-09-22,3,0.0,0.11187454346238129,2026-08-12,False,10.0,41,False,False,Unmonitored,0.10581531877128873,0.10581531877128873
ca034301-los-angeles-marina-del-rey-beach-mothers-beach-mdrh-3,Low,0.064538,6,False,Kayak Area,Los Angeles,2026-09-22,59,0.1694915254237288,0.17023431793279767,2026-09-16,False,10.0,6,False,False,Elevated,0.10569631793279767,0.10569631793279767
ca202251-santa-cruz-cowell-beach-o488,Low,0.041916,8,False,Cowell Beach West of Wharf,Santa Cruz,2026-09-22,64,0.140625,0.14340574416955146,2026-09-14,False,10.0,8,False,False,Elevated,0.10148974416955145,0.10148974416955145
ca857727-santa-cruz-sunny-cove-beach-o380,Low,0.001739,36,False,O380,Santa Cruz,2026-09-22,4,0.0,0.09944403863322782,2026-08-17,False,10.0,36,False,False,Unmonitored,0.09770503863322781,0.09770503863322781
ca283387-santa-cruz-moran-lake-county-beach-o340,Low,0.001739,8,False,Moran Lake Beach,Santa Cruz,2026-09-22,4,0.0,0.09944403863322782,2026-09-14,False,10.0,8,False,False,Low,0.09770503863322781,0.09770503863322781
ca504816-ventura-promenade-park-beach-14000,Low,0.064538,8,False,Promenade Pk-Figueroa St.,Ventura,2026-09-22,50,0.16,0.16172720632180093,2026-09-14,False,10.0,8,False,False,Elevated,0.09718920632180093,0.09718920632180093
ca576166-santa-barbara-leadbetter-wp0000007,Low,0.064538,8,False,WP0000007,Santa Barbara,2026-09-22,50,0.16,0.16172720632180093,2026-09-14,False,10.0,8,False,False,Elevated,0.09718920632180093,0.09718920632180093
ca333380-marin-muir-beach-muir-beach-central,Low,0.047619,7,False,MUIR BEACH - CENTRAL,Marin,2026-09-22,22,0.13636363636363635,0.1442591239888537,2026-09-15,False,10.0,7,False,False,Elevated,0.09664012398885372,0.09664012398885372
ca938432-marin-chicken-ranch-chicken-ranch-ditch,High,0.3,8,True,Chicken Ranch at Ditch,Marin,2026-09-22,19,0.21052631578947367,0.20395818115412712,2026-09-14,False,10.0,8,True,False,Posted,0.09604181884587287,-0.09604181884587287
ca719054-los-angeles-dockweiler-state-beach-dph-002b,Low,0.001739,7,False,50 yrds west of Malibu Pier,Los Angeles,2026-09-22,35,0.08571428571428572,0.09737490869247625,2026-09-15,False,10.0,7,False,False,Low,0.09563590869247625,0.09563590869247625
ca108339-san-diego-mission-bay-mb-100,Low,0.064538,6,False,Crown Point drain,San Diego,2026-09-22,32,0.15625,0.15932422561348786,2026-09-16,False,195.0,6,False,False,Elevated,0.09478622561348786,0.09478622561348786
ca801475-san-diego-silver-strand-state-beach-ib-069,Moderate,0.285714,28,False,Silver Strand - Lifeguard Tower,San Diego,2026-09-22,92,0.391304347826087,0.3803607870896809,2026-08-25,False,18.0,28,False,False,Elevated,0.09464678708968088,0.09464678708968088
ca801852-san-diego-tecolote-shores-mb-041,Low,0.133495,5,False,Tecolote Shores swim are,San Diego,2026-09-22,34,0.23529411764705882,0.22807682942818078,2026-09-17,False,1040.0,5,False,False,Elevated,0.09458182942818077,0.09458182942818077
ca183895-los-angeles-royal-palms-state-beach-smb-7-6,Low,0.013051,7,False,White Point,Los Angeles,2026-09-22,51,0.09803921568627451,0.10526779192319734,2026-09-15,False,10.0,7,False,False,Elevated,0.09221679192319734,0.09221679192319734
ca674364-los-angeles-inner-cabrillo-beach-cb-02,High,0.3,4,True,CB-02,Los Angeles,2026-09-22,238,0.3949579831932773,0.390514388262136,2026-09-18,False,10.0,4,False,False,Elevated,0.09051438826213604,0.09051438826213604
ca156348-ventura-san-buenaventura-state-beach-21000,Low,0.038045,8,False,S.B. St. Bch-Weymouth Ln.,Ventura,2026-09-22,49,0.12244897959183673,0.12768511754998244,2026-09-14,False,20.0,8,False,False,Elevated,0.08964011754998244,0.08964011754998244
ca957734-santa-barbara-gaviota-state-beach-wp0000079,Low,0.038045,8,False,WP0000079,Santa Barbara,2026-09-22,49,0.12244897959183673,0.12768511754998244,2026-09-14,False,10.0,8,False,False,Elevated,0.08964011754998244,0.08964011754998244
ca506450-san-diego-san-diego-bay-eh-200,Low,0.038045,8,False,Shelter Is shoreline park,San Diego,2026-09-22,49,0.12244897959183673,0.12768511754998244,2026-09-14,False,10.0,8,False,False,Elevated,0.08964011754998244,0.08964011754998244
ca504816-ventura-promenade-park-beach-17000,Low,0.059429,8,False,Promenade Pk-Calif. St.,Ventura,2026-09-22,48,0.14583333333333334,0.14896219523960474,2026-09-14,False,10.0,8,False,False,Elevated,0.08953319523960473,0.08953319523960473
ca128038-san-luis-obispo-pismo-state-beach-pb5,Low,0.133495,14,False,338 yds north of pier-Edgewater Motel with blue ro,San Luis Obispo,2026-09-22,35,0.22857142857142856,0.22237490869247628,2026-09-08,False,10.0,14,False,False,Elevated,0.08887990869247628,0.08887990869247628
ca474271-los-angeles-avalon-beach-dph-119,Low,0.019868,7,False,north of GP Pier,Los Angeles,2026-09-22,31,0.0967741935483871,0.10819434299164028,2026-09-15,False,10.0,7,False,False,Elevated,0.08832634299164029,0.08832634299164029
ca777037-santa-cruz-hidden-beach-o099,Low,0.001739,41,False,O099,Santa Cruz,2026-09-22,5,0.0,0.08949963476990504,2026-08-12,False,10.0,41,False,False,Unmonitored,0.08776063476990503,0.08776063476990503
ca549911-east-bay-parks-district-crown-beach-alameda-co-crown-crab-cove,Low,0.133495,14,False,Crab Cove,East Bay Parks District,2026-09-22,40,0.225,0.21988880772664557,2026-09-08,False,10.0,14,False,False,Elevated,0.08639380772664557,0.08639380772664557
ca549911-east-bay-parks-district-crown-beach-alameda-co-crown-windsurfer-corner,Low,0.059429,14,False,Windsurfer Corner,East Bay Parks District,2026-09-22,36,0.1388888888888889,0.1437803987243671,2026-09-08,False,10.0,14,False,False,Elevated,0.08435139872436709,0.08435139872436709
ca211999-san-diego-mission-bay-vacation-isle-mb-205,Moderate,0.285714,4,False,Mission Bay Vacation Isle North Cove,San Diego,2026-09-22,52,0.38461538461538464,0.3665788832929658,2026-09-18,False,195.0,4,False,False,Elevated,0.08086488329296576,0.08086488329296576
ca685699-santa-cruz-pajaro-dunes-beach-o010,Low,0.031325,41,False,Pajaro Dunes State Beach,Santa Cruz,2026-09-22,3,0.0,0.11187454346238129,2026-08-12,False,10.0,41,False,False,Unmonitored,0.0805495434623813,0.0805495434623813
ca738498-los-angeles-surfrider-beach-dph-002,Low,0.013051,7,False,Malibu Pier,Los Angeles,2026-09-22,37,0.08108108108108109,0.09273800827854882,2026-09-15,False,31.0,7,False,False,Low,0.07968700827854883,0.07968700827854883
ca839312-san-diego-baja-california-mexico-bc-030,Moderate,0.299578,28,False,Playas De Tijuana MEX,San Diego,2026-09-22,49,0.22448979591836735,0.22027771014257502,2026-08-25,False,34.0,28,False,False,Elevated,0.07930028985742499,-0.07930028985742499
ca880471-santa-cruz-capitola-city-beach-o235,Low,0.0,8,False,Capitola Beach east of Jetty,Santa Cruz,2026-09-22,45,0.06666666666666667,0.07789992695398101,2026-09-14,False,10.0,8,False,False,Low,0.07789992695398101,0.07789992695398101
ca792491-san-francisco-candlestick-point-bay-300-1-sl,Low,0.133495,8,False,Sunnydale Cove,San Francisco,2026-09-22,56,0.21428571428571427,0.21139338274916478,2026-09-14,False,10.0,8,False,False,Elevated,0.07789838274916477,0.07789838274916477
ca731234-marin-whitehouse-pool-whitehouse-pool,High,0.3,8,True,Whitehouse Pool,Marin,2026-09-22,26,0.23076923076923078,0.22241923702255004,2026-09-14,False,31.0,8,True,False,Posted,0.07758076297744995,-0.07758076297744995
ca643858-los-angeles-malibu-lagoon-state-beach-smb-mc-2,High,0.3,3,True,SMB-MC-2,Los Angeles,2026-09-22,236,0.2245762711864407,0.22363069023941515,2026-09-19,False,10.0,3,False,False,Elevated,0.07636930976058484,-0.07636930976058484
ca150395-los-angeles-puerco-beach-smb-1-12,Low,0.133495,7,False,Marie Canyon Storm Drain,Los Angeles,2026-09-22,52,0.21153846153846154,0.20868414645086053,2026-09-15,False,10.0,7,False,False,Elevated,0.07518914645086053,0.07518914645086053
ca397227-san-diego-mission-bay-campland-on-the-bay-mb-080,Moderate,0.257143,6,False,Campland swimming area,San Diego,2026-09-22,49,0.3469387755102041,0.33138882125368607,2026-09-16,False,1293.0,6,False,False,Elevated,0.07424582125368606,0.07424582125368606
ca735620-los-angeles-santa-monica-state-beach-smb-3-5,Low,0.0,3,False,Ashland storm drain,Los Angeles,2026-09-22,237,0.07172995780590717,0.07394626589958285,2026-09-19,False,10.0,3,False,False,Low,0.07394626589958285,0.07394626589958285
ca217714-san-mateo-pomponio-state-beach-pomponio-state-beach,Low,0.038045,8,False,Pomponio State Beach,San Mateo,2026-09-22,48,0.10416666666666667,0.11122634618300095,2026-09-14,False,10.0,8,False,False,Elevated,0.07318134618300096,0.07318134618300096
ca641566-los-angeles-manhattan-beach-dph-113,Low,0.007812,4,False,28th Street at storm drain,Los Angeles,2026-09-22,233,0.07725321888412018,0.07939074095671869,2026-09-18,False,10.0,4,False,False,Low,0.07157874095671869,0.07157874095671869
ca719054-los-angeles-dockweiler-state-beach-smb-2-10,Low,0.038045,7,False,Culver Blvd,Los Angeles,2026-09-22,49,0.10204081632653061,0.1091665990314639,2026-09-15,False,10.0,7,False,False,Elevated,0.0711215990314639,0.0711215990314639
ca997086-san-diego-la-jolla-cove-fm-070,High,0.547619,5,False,FM-070,San Diego,2026-09-22,58,0.6551724137931034,0.6173808944079214,2026-09-17,True,3986.0,5,True,False,Posted,0.06976189440792147,0.06976189440792147
ca623993-santa-cruz-hooper-s-beach-o310,Low,0.019868,36,False,The Hook,Santa Cruz,2026-09-22,5,0.0,0.08949963476990504,2026-08-17,False,10.0,36,False,False,Unmonitored,0.06963163476990504,0.06963163476990504
ca400333-san-mateo-oyster-point-marina-oyster-point-marina,Low,0.059429,8,False,"Oyster Point Marina, at beach",San Mateo,2026-09-22,33,0.12121212121212122,0.12881569336050133,2026-09-14,False,10.0,8,False,False,Elevated,0.06938669336050132,0.06938669336050132
ca575202-los-angeles-will-rogers-state-beach-smb-2-4,Low,0.047619,7,False,Pulga storm drain on Will Rogers State Beach,Los Angeles,2026-09-22,54,0.1111111111111111,0.11686434487625509,2026-09-15,False,31.0,7,False,False,Elevated,0.06924534487625508,0.06924534487625508
ca104746-san-diego-tijuana-slough-national-wildlife-refuge-ib-030,High,0.684211,28,False,Tijuana Estuary mouth,San Diego,2026-09-22,64,0.796875,0.7521013963434645,2026-08-25,False,86.0,28,False,False,Elevated,0.0678903963434645,0.0678903963434645
ca402275-santa-barbara-el-capitan-state-beach-wp0000013,Low,0.038045,8,False,WP0000013,Santa Barbara,2026-09-22,13,0.07692307692307693,0.10527757487216946,2026-09-14,False,10.0,8,False,False,Elevated,0.06723257487216946,0.06723257487216946
ca386604-santa-cruz-manresa-state-beach-o080,Low,0.022289,41,False,O080,Santa Cruz,2026-09-22,5,0.0,0.08949963476990504,2026-08-12,False,10.0,41,False,False,Unmonitored,0.06721063476990503,0.06721063476990503
ca156348-ventura-san-buenaventura-state-beach-18000,Low,0.059429,8,False,S.B. St. Bch-Kalorama St.,Ventura,2026-09-22,50,0.12,0.12536356995816456,2026-09-14,False,10.0,8,False,False,Elevated,0.06593456995816455,0.06593456995816455
ca149281-los-angeles-paradise-cove-smb-1-6,Low,0.047619,6,False,Walnut Creek,Los Angeles,2026-09-22,47,0.10638297872340426,0.1133653143788279,2026-09-16,False,10.0,6,False,False,Elevated,0.06574631437882789,0.06574631437882789
ca459241-san-luis-obispo-avila-beach-ab10,Low,0.064538,14,False,350 yards west of pier (creek outfall),San Luis Obispo,2026-09-22,33,0.12121212121212122,0.12881569336050133,2026-09-08,False,10.0,14,False,False,Elevated,0.06427769336050133,0.06427769336050133
ca806872-santa-cruz-san-vicente-beach-o560,Low,0.047619,22,False,O560,Santa Cruz,2026-09-22,3,0.0,0.11187454346238129,2026-08-31,False,10.0,22,False,False,Elevated,0.0642555434623813,0.0642555434623813
ca322879-san-francisco-crane-cove-park-bay-230-sl,Low,0.063492,8,False,BAY#230_SL,San Francisco,2026-09-22,57,0.12280701754385964,0.12733865076933953,2026-09-14,False,10.0,8,False,False,Elevated,0.06384665076933953,0.06384665076933953
ca210985-los-angeles-hermosa-beach-dph-115,Low,0.019868,4,False,Herondo Street at Storm Drain,Los Angeles,2026-09-22,233,0.0815450643776824,0.0835924216289876,2026-09-18,False,10.0,4,False,False,Low,0.0637244216289876,0.0637244216289876
ca142294-santa-cruz-new-brighton-state-beach-o170,Low,0.001739,14,False,O170,Santa Cruz,2026-09-22,24,0.041666666666666664,0.06534470164479483,2026-09-08,False,10.0,14,False,False,Low,0.06360570164479483,0.06360570164479483
ca801475-san-diego-silver-strand-state-beach-ib-070,High,0.3,28,True,Silver Strand N end (ocean),San Diego,2026-09-22,91,0.37362637362637363,0.3634895452885318,2026-08-25,False,18.0,28,False,False,Elevated,0.06348954528853179,0.06348954528853179
ca976061-san-diego-buccaneer-beach-oc-022,Low,0.041916,8,False,Loma Alta Creek outlet,San Diego,2026-09-22,70,0.1,0.10526661796932067,2026-09-14,False,195.0,8,False,False,Elevated,0.06335061796932068,0.06335061796932068
ca319620-santa-cruz-corcoran-lagoon-beach-o370,Low,0.026316,8,False,O370,Santa Cruz,2026-09-22,5,0.0,0.08949963476990504,2026-09-14,False,10.0,8,False,False,Low,0.06318363476990504,0.06318363476990504
ca121027-santa-cruz-sunset-state-beach-o060,Low,0.026316,41,False,Sunset Beach,Santa Cruz,2026-09-22,5,0.0,0.08949963476990504,2026-08-12,False,10.0,41,False,False,Unmonitored,0.06318363476990504,0.06318363476990504
marin-all-marin-county-inkwells,Low,0.133495,8,False,Inkwells,Marin,2026-09-22,25,0.2,0.19649987825663504,2026-09-14,False,10.0,8,False,False,Elevated,0.06300487825663503,0.06300487825663503
ca212282-monterey-del-monte-beach-dmb,Low,0.059429,28,False,DMB,Monterey,2026-09-22,35,0.11428571428571428,0.12237490869247628,2026-08-25,False,10.0,28,False,False,Elevated,0.06294590869247627,0.06294590869247627
ca279698-long-beach-city-long-beach-b-9,Moderate,0.299578,8,False,Prospect Ave-Beach,Los Angeles,2026-09-22,45,0.24444444444444444,0.23789992695398102,2026-09-14,False,53.0,8,False,False,Elevated,0.061678073046018994,-0.061678073046018994
ca175181-santa-cruz-pleasure-point-beach-o320,Low,0.013051,36,False,O320,Santa Cruz,2026-09-22,7,0.0,0.07458302897492086,2026-08-17,False,10.0,36,False,False,Unmonitored,0.06153202897492086,0.06153202897492086
ca674616-san-mateo-kiteboard-beach-kiteboard-beach,Low,0.064538,8,False,"Kiteboard Beach, at the end of Lakeside Drive",San Mateo,2026-09-22,34,0.11764705882352941,0.12551272686407822,2026-09-14,False,10.0,8,False,False,Elevated,0.06097472686407822,0.06097472686407822
ca279698-long-beach-city-long-beach-b-7,Low,0.105431,6,False,Coronado Ave-Beach,Los Angeles,2026-09-22,122,0.16393442622950818,0.16452753029684292,2026-09-16,False,31.0,6,False,False,Elevated,0.05909653029684292,0.05909653029684292
ca892930-los-angeles-la-costa-beach-smb-1-14,Low,0.047619,7,False,Los Flores Creek,Los Angeles,2026-09-22,41,0.0975609756097561,0.10641296408041415,2026-09-15,False,10.0,7,False,False,Elevated,0.058793964080414145,0.058793964080414145
ca719054-los-angeles-dockweiler-state-beach-dph-122,Low,0.038045,8,False,50 yrds from Ballona Creek,Los Angeles,2026-09-22,46,0.08695652173913043,0.09598032054311864,2026-09-14,False,10.0,8,False,False,Low,0.05793532054311864,0.05793532054311864
ca435852-los-angeles-dan-blocker-county-beach-smb-1-10,Low,0.182353,3,False,Solstice Creek,Los Angeles,2026-09-22,57,0.24561403508771928,0.24024187657579113,2026-09-19,False,10.0,3,False,False,Elevated,0.05788887657579114,0.05788887657579114
ca425745-san-luis-obispo-cayucos-beach-cay16,Low,0.048367,14,False,North of pier at creek outfall,San Luis Obispo,2026-09-22,32,0.09375,0.10527017155943379,2026-09-08,False,10.0,14,False,False,Elevated,0.056903171559433786,0.056903171559433786
ca326620-san-diego-moonlight-beach-eh-420,Low,0.064538,8,False,Cottonwood Creek outlet,San Diego,2026-09-22,52,0.11538461538461539,0.1209648482052465,2026-09-14,False,21.0,8,False,False,Elevated,0.0564268482052465,0.0564268482052465
ca311337-monterey-spanish-bay-beach-spb,Low,0.019868,29,False,SPB,Monterey,2026-09-22,33,0.06060606060606061,0.0761841144131329,2026-08-24,False,10.0,29,False,False,Low,0.0563161144131329,0.0563161144131329
ca010930-san-mateo-surfers-beach-surfers-beach,Low,0.038045,8,False,Surfers Beach,San Mateo,2026-09-22,47,0.0851063829787234,0.09413454514805866,2026-09-14,False,10.0,8,False,False,Low,0.05608954514805866,0.05608954514805866
ca279698-long-beach-city-long-beach-b-64,Moderate,0.290123,7,False,Granada Ave-Beach,Los Angeles,2026-09-22,50,0.24,0.23445447904907366,2026-09-15,False,53.0,7,False,False,Elevated,0.055668520950926365,-0.055668520950926365
ca719054-los-angeles-dockweiler-state-beach-smb-2-13,Low,0.038045,7,False,Imperial Hwy. storm drain,Los Angeles,2026-09-22,48,0.08333333333333333,0.09235842165469907,2026-09-15,False,10.0,7,False,False,Low,0.054313421654699066,0.054313421654699066
ca474271-los-angeles-avalon-beach-dph-117,Low,0.0,5,False,near storm drain,Los Angeles,2026-09-22,30,0.03333333333333333,0.05414275279140144,2026-09-17,False,10.0,5,False,False,Low,0.05414275279140144,0.05414275279140144
ca984187-san-mateo-coyote-point-county-park-coyote-point-county-park,Low,0.048367,8,False,"Coyote Point, beach at parking lot down road from rifle club",San Mateo,2026-09-22,43,0.09302325581395349,0.10197909057706356,2026-09-14,False,10.0,8,False,False,Elevated,0.05361209057706356,0.05361209057706356
ca333308-san-diego-oceanside-municipal-beach-other-oc-050,Low,0.013051,14,False,Tyson Street,San Diego,2026-09-22,54,0.05555555555555555,0.06601688724913644,2026-09-08,False,10.0,14,False,False,Low,0.052965887249136444,0.052965887249136444
ca192160-san-diego-mission-bay-mariners-basin-mb-170,Low,0.133495,6,False,Bonita Cove north end,San Diego,2026-09-22,32,0.1875,0.1863512526405149,2026-09-16,False,1228.0,6,False,False,Elevated,0.052856252640514884,0.052856252640514884
ca606869-san-diego-south-carlsbad-state-beach-eh-440,Low,0.038045,5,False,Batiquitos Lagoon outlet,San Diego,2026-09-22,49,0.08163265306122448,0.09064808051294539,2026-09-17,False,195.0,5,False,False,Low,0.052603080512945384,0.052603080512945384
ca318885-los-angeles-seaside-lagoon-dph-125,Low,0.059429,27,False,Equipment room,Los Angeles,2026-09-22,3,0.0,0.11187454346238129,2026-08-26,False,10.0,27,False,False,Elevated,0.05244554346238129,0.05244554346238129
ca318885-los-angeles-seaside-lagoon-dph-126,Low,0.059429,27,False,Fountain,Los Angeles,2026-09-22,3,0.0,0.11187454346238129,2026-08-26,False,10.0,27,False,False,Elevated,0.05244554346238129,0.05244554346238129
ca287444-santa-cruz-twin-lakes-state-beach-o410,Low,0.013051,8,False,O410,Santa Cruz,2026-09-22,24,0.041666666666666664,0.06534470164479483,2026-09-14,False,10.0,8,False,False,Low,0.052293701644794834,0.052293701644794834
ca022378-ventura-port-hueneme-beach-park-41000,Low,0.019868,7,False,Port Hueneme Beach Pk.,Ventura,2026-09-22,49,0.061224489795918366,0.07212956199442686,2026-09-15,False,10.0,7,False,False,Low,0.05226156199442686,0.05226156199442686
ca447750-marin-schoonmaker-beach-schoonmaker-beach,Low,0.047619,7,False,SCHOONMAKER BEACH,Marin,2026-09-22,24,0.08333333333333333,0.09982746026548449,2026-09-15,False,63.0,7,False,False,Low,0.05220846026548449,0.05220846026548449
ca275996-santa-cruz-scott-creek-beach-o580,Low,0.047619,22,False,O580,Santa Cruz,2026-09-22,4,0.0,0.09944403863322782,2026-08-31,False,10.0,22,False,False,Low,0.051825038633227814,0.051825038633227814
ca719054-los-angeles-dockweiler-state-beach-smb-2-11,Low,0.022289,7,False,North Westchester SD,Los Angeles,2026-09-22,48,0.0625,0.07349049712639717,2026-09-15,False,10.0,7,False,False,Low,0.05120149712639717,0.05120149712639717
ca735620-los-angeles-santa-monica-state-beach-dph-106,Low,0.022289,8,False,Strand Street on Santa Monica State Beach,Los Angeles,2026-09-22,48,0.0625,0.07349049712639717,2026-09-14,False,10.0,8,False,False,Low,0.05120149712639717,0.05120149712639717
ca735620-los-angeles-santa-monica-state-beach-dph-104b,Low,0.022289,8,False,Montana 50 yards south of storm drain on Santa Monica State Beach,Los Angeles,2026-09-22,48,0.0625,0.07349049712639717,2026-09-14,False,10.0,8,False,False,Low,0.05120149712639717,0.05120149712639717
ca735620-los-angeles-santa-monica-state-beach-dph-105,Low,0.038045,8,False,Wilshire Blvd. on Santa Monica State Beach,Los Angeles,2026-09-22,50,0.08,0.0889999335945282,2026-09-14,False,10.0,8,False,False,Low,0.05095493359452819,0.05095493359452819
ca781317-san-mateo-marlin-park-foster-city-marlin-park,Low,0.182353,8,False,"Marlin Park, at beach",San Mateo,2026-09-22,46,0.2391304347826087,0.23323522250390297,2026-09-14,False,10.0,8,False,False,Elevated,0.05088222250390298,0.05088222250390298
ca549911-east-bay-parks-district-crown-beach-alameda-co-crown-bath-house,Low,0.048367,14,False,Bath House,East Bay Parks District,2026-09-22,35,0.08571428571428572,0.09737490869247625,2026-09-08,False,10.0,14,False,False,Low,0.04900790869247625,0.04900790869247625
ca506450-san-diego-san-diego-bay-eh-120,Low,0.059429,4,False,Bayside Park (J Street),San Diego,2026-09-22,31,0.0967741935483871,0.10819434299164028,2026-09-18,False,239.0,4,False,False,Elevated,0.04876534299164028,0.04876534299164028
ca551260-santa-cruz-natural-bridges-state-beach-o530,Low,0.022289,14,False,O530,Santa Cruz,2026-09-22,50,0.06,0.07081811541271,2026-09-08,False,10.0,14,False,False,Low,0.04852911541271,0.04852911541271
ca809706-san-diego-border-field-state-park-ib-020,High,0.481481,28,False,Monument Rd.,San Diego,2026-09-22,64,0.453125,0.43326081663331956,2026-08-25,False,52.0,28,False,False,Elevated,0.048220183366680436,-0.048220183366680436
ca704955-los-angeles-venice-city-beach-dph-109,Low,0.031325,8,False,Topsail Street on Venice City Beach,Los Angeles,2026-09-22,44,0.06818181818181818,0.07948972138161327,2026-09-14,False,10.0,8,False,False,Low,0.04816472138161327,0.04816472138161327
ca905766-santa-cruz-main-beach-o450,Low,0.048367,8,False,Main Beach at San Lorenzo,Santa Cruz,2026-09-22,46,0.08695652173913043,0.09598032054311864,2026-09-14,False,10.0,8,False,False,Low,0.04761332054311864,0.04761332054311864
ca145203-ventura-silverstrand-beach-39000,Low,0.013051,7,False,Silverstrand Bch-S. Paula,Ventura,2026-09-22,44,0.045454545454545456,0.05908155811630715,2026-09-15,False,10.0,7,False,False,Low,0.04603055811630715,0.04603055811630715
ca128038-san-luis-obispo-pismo-state-beach-pb4,Low,0.059429,14,False,40 ft south of pier,San Luis Obispo,2026-09-22,32,0.09375,0.10527017155943379,2026-09-08,False,10.0,14,False,False,Elevated,0.045841171559433784,0.045841171559433784
ca156348-ventura-san-buenaventura-state-beach-20000,Low,0.048367,8,False,S.B. St. Bch-Dover Lane,Ventura,2026-09-22,47,0.0851063829787234,0.09413454514805866,2026-09-14,False,10.0,8,False,False,Low,0.04576754514805866,0.04576754514805866
ca905766-santa-cruz-main-beach-o460,Low,0.031325,8,False,Main Beach at Boardwalk,Santa Cruz,2026-09-22,46,0.06521739130434782,0.07637247740586373,2026-09-14,False,10.0,8,False,False,Low,0.04504747740586373,0.04504747740586373
ca641566-los-angeles-manhattan-beach-dph-113b,Low,0.013051,8,False,28th Street 50 yards south of storm drain,Los Angeles,2026-09-22,45,0.044444444444444446,0.05789992695398101,2026-09-14,False,10.0,8,False,False,Low,0.04484892695398101,0.04484892695398101
ca936162-los-angeles-las-tunas-county-beach-smb-1-16,Low,0.059429,19,False,Pena Creek,Los Angeles,2026-09-22,42,0.09523809523809523,0.10414885846168193,2026-09-03,False,10.0,19,False,False,Elevated,0.04471985846168192,0.04471985846168192
ca156348-ventura-san-buenaventura-state-beach-19000,Low,0.064538,8,False,S.B. St. Bch-San Jon Rd.,Ventura,2026-09-22,49,0.10204081632653061,0.1091665990314639,2026-09-14,False,20.0,8,False,False,Elevated,0.044628599031463906,0.044628599031463906
ca704955-los-angeles-venice-city-beach-smb-3-8,Low,0.048367,7,False,Windward storm drain,Los Angeles,2026-09-22,48,0.08333333333333333,0.09235842165469907,2026-09-15,False,31.0,7,False,False,Low,0.04399142165469907,0.04399142165469907
ca789562-san-diego-swami-s-park-eh-410,Low,0.048367,7,False,Swami\'s,San Diego,2026-09-22,48,0.08333333333333333,0.09235842165469907,2026-09-15,False,490.0,7,False,False,Low,0.04399142165469907,0.04399142165469907
ca651558-ventura-penninsula-beach-23000,Low,0.013051,8,False,Peninsula Bch/Harbor Cove,Ventura,2026-09-22,29,0.034482758620689655,0.05573518669703089,2026-09-14,False,10.0,8,False,False,Low,0.04268418669703089,0.04268418669703089
ca876094-san-diego-la-jolla-shores-beach-si-030,Low,0.059429,20,False,500 feet north of Scripps Pier,San Diego,2026-09-22,47,0.0,0.01721146822498174,2026-09-02,False,2.0,20,False,False,Low,0.04221753177501826,-0.04221753177501826
ca876094-san-diego-la-jolla-shores-beach-si-020,Low,0.059429,20,False,250 feet sout of Scripps Pier,San Diego,2026-09-22,47,0.0,0.01721146822498174,2026-09-02,False,2.0,20,False,False,Low,0.04221753177501826,-0.04221753177501826
ca199513-san-francisco-aquatic-park-bay-211-sl,Low,0.059429,8,False,Aquatic Park Beach,San Francisco,2026-09-22,47,0.0,0.01721146822498174,2026-09-14,False,10.0,8,False,False,Low,0.04221753177501826,-0.04221753177501826
ca704955-los-angeles-venice-city-beach-smb-3-6,Low,0.031325,7,False,Rose Avenue Storm Drain,Los Angeles,2026-09-22,48,0.0625,0.07349049712639717,2026-09-15,False,10.0,7,False,False,Low,0.042165497126397174,0.042165497126397174
ca415021-los-angeles-leo-carillo-state-beach-dph-010,Low,0.022289,7,False,Leo Carrillo State Beach,Los Angeles,2026-09-22,40,0.05,0.06433325217109001,2026-09-15,False,10.0,7,False,False,Low,0.04204425217109001,0.04204425217109001
ca500723-santa-barbara-hammonds-wp0000004,Low,0.059429,8,False,WP0000004,Santa Barbara,2026-09-22,46,0.0,0.017548947994099028,2026-09-14,False,75.0,8,False,False,Low,0.041880052005900975,-0.041880052005900975
ca337598-santa-barbara-hope-ranch-beach-wp0000072,Low,0.059429,8,False,WP0000072,Santa Barbara,2026-09-22,45,0.0,0.017899926953981005,2026-09-14,False,10.0,8,False,False,Low,0.041529073046018994,-0.041529073046018994
ca083351-los-angeles-nicholas-canyon-county-beach-dph-009b,Low,0.0,5,False,Nicholas Beach 100 ft west of lifeguard tower,Los Angeles,2026-09-22,41,0.024390243902439025,0.041195572776066315,2026-09-17,False,10.0,5,False,False,Low,0.041195572776066315,0.041195572776066315
ca831072-ventura-ormond-beach-44000,Low,0.022289,7,False,Ormond Beach-Arnold Rd.,Ventura,2026-09-22,25,0.04,0.06316654492330168,2026-09-15,False,10.0,7,False,False,Low,0.04087754492330167,0.04087754492330167
ca699607-long-beach-city-colorado-lagoon-b-25,High,0.3,14,True,Colorado Lagoon-North,Los Angeles,2026-09-22,37,0.2702702702702703,0.2594046749452155,2026-09-08,True,1184.0,14,True,False,Posted,0.04059532505478447,-0.04059532505478447
ca631766-san-francisco-baker-beach-ocean-16-sl,Low,0.059429,8,False,"Baker Beach West, Opposite Seacliff 2 Pumping Station",San Francisco,2026-09-22,54,0.09259259259259259,0.09991519233388221,2026-09-14,False,10.0,8,False,False,Low,0.04048619233388221,0.04048619233388221
ca623591-santa-barbara-summerland-beach-wp0000188,Low,0.059429,8,False,WP0000188,Santa Barbara,2026-09-22,42,0.0,0.019042475482958517,2026-09-14,False,10.0,8,False,False,Low,0.040386524517041486,-0.040386524517041486
ca083351-los-angeles-nicholas-canyon-county-beach-dph-009,Low,0.001739,7,False,Nicholas Beach,Los Angeles,2026-09-22,40,0.025,0.042111029948867784,2026-09-15,False,52.0,7,False,False,Low,0.04037202994886779,0.04037202994886779
ca719054-los-angeles-dockweiler-state-beach-dph-110,Low,0.019868,8,False,World Way,Los Angeles,2026-09-22,44,0.045454545454545456,0.05908155811630715,2026-09-14,False,10.0,8,False,False,Low,0.039213558116307154,0.039213558116307154
ca879762-santa-cruz-rio-del-mar-beach-o110,Low,0.0,14,False,O110,Santa Cruz,2026-09-22,18,0.0,0.03891288468256741,2026-09-08,False,10.0,14,False,False,Low,0.03891288468256741,0.03891288468256741
ca445092-san-luis-obispo-morro-bay-city-beach-mb12,Low,0.064538,14,False,Small parking lot south side of Morro Bay Creek,San Luis Obispo,2026-09-22,29,0.0,0.026323421991148538,2026-09-08,False,10.0,14,False,False,Low,0.03821457800885146,-0.03821457800885146
ca858429-monterey-stillwater-cove-stco,Low,0.038045,29,False,STCO,Monterey,2026-09-22,33,0.06060606060606061,0.0761841144131329,2026-08-24,False,10.0,29,False,False,Low,0.0381391144131329,0.0381391144131329
ca436129-marin-drakes-estero-drakes-estero,Low,0.038045,8,False,Drake\'s Estero,Marin,2026-09-22,20,0.05,0.07579985390796201,2026-09-14,False,10.0,8,False,False,Low,0.03775485390796201,0.03775485390796201
ca748587-san-diego-tourmaline-surfing-park-eh-255,Low,0.064538,28,False,inside cove at P.B. Point,San Diego,2026-09-22,53,0.09433962264150944,0.10163786806377674,2026-08-25,False,4.0,28,False,False,Elevated,0.03709986806377674,0.03709986806377674
ca719054-los-angeles-dockweiler-state-beach-dph-111,Low,0.001739,8,False,Hyperion Plant,Los Angeles,2026-09-22,44,0.022727272727272728,0.038673394851001026,2026-09-14,False,10.0,8,False,False,Low,0.03693439485100103,0.03693439485100103
ca042969-los-angeles-el-segundo-beach-dph-112b,Low,0.001739,8,False,Grand Ave. 50 yards south of storm drain,Los Angeles,2026-09-22,44,0.022727272727272728,0.038673394851001026,2026-09-14,False,10.0,8,False,False,Low,0.03693439485100103,0.03693439485100103
ca429274-ventura-oxnard-beach-29000,Low,0.001739,7,False,Oxnard Bch-5th St.,Ventura,2026-09-22,44,0.022727272727272728,0.038673394851001026,2026-09-15,False,10.0,7,False,False,Low,0.03693439485100103,0.03693439485100103
ca774663-los-angeles-redondo-beach-dph-116,Low,0.019868,8,False,Topaz Street,Los Angeles,2026-09-22,46,0.043478260869565216,0.05676463426860883,2026-09-14,False,20.0,8,False,False,Low,0.03689663426860883,0.03689663426860883
ca170635-ventura-point-mugu-beach-45000,Low,0.001739,7,False,45000,Ventura,2026-09-22,19,0.0,0.03729151448746043,2026-09-15,False,20.0,7,False,False,Low,0.03555251448746043,0.03555251448746043
ca600702-san-mateo-francis-state-beach-francis-state-beach,Low,0.038045,8,False,Francis State Beach,San Mateo,2026-09-22,48,0.0625,0.07349049712639717,2026-09-14,False,10.0,8,False,False,Low,0.03544549712639717,0.03544549712639717
ca258950-los-angeles-el-matador-state-beach-smb-1-3,Low,0.001739,7,False,Open Beach,Los Angeles,2026-09-22,46,0.021739130434782608,0.03715679113135393,2026-09-15,False,10.0,7,False,False,Low,0.03541779113135393,0.03541779113135393
ca993851-san-luis-obispo-oceano-dunes-state-rec-area-ocb12,Low,0.019868,14,False,Pier Ave,San Luis Obispo,2026-09-22,30,0.03333333333333333,0.05414275279140144,2026-09-08,False,10.0,14,False,False,Low,0.034274752791401436,0.034274752791401436
ca549911-east-bay-parks-district-crown-beach-alameda-co-crown-sunset-rd,Low,0.059429,14,False,Sunset Rd.,East Bay Parks District,2026-09-22,37,0.08108108108108109,0.09273800827854882,2026-09-08,False,10.0,14,False,False,Low,0.03330900827854882,0.03330900827854882
ca425745-san-luis-obispo-cayucos-beach-cay13,Low,0.059429,14,False,"Studio drive parking lot, south of Old Creek",San Luis Obispo,2026-09-22,29,0.0,0.026323421991148538,2026-09-08,False,10.0,14,False,False,Low,0.033105578008851465,-0.033105578008851465
ca799523-san-diego-ocean-beach-pl-080,Low,0.019868,27,False,Bermuda Ave (D8),San Diego,2026-09-22,50,0.04,0.052636297230891825,2026-08-26,False,2.0,27,False,False,Low,0.03276829723089182,0.03276829723089182
ca988763-san-diego-non-accessible-or-restricted-access-shoreline-on-pt-loma-pl-040,Low,0.001739,27,False,north of lighthouse,San Diego,2026-09-22,50,0.02,0.034454479049073644,2026-08-26,False,1.0,27,False,False,Low,0.03271547904907365,0.03271547904907365
ca279462-los-angeles-zuma-beach-dph-008,Low,0.013051,7,False,DPH 008,Los Angeles,2026-09-22,37,0.02702702702702703,0.045118960659501196,2026-09-15,False,10.0,7,False,False,Low,0.032067960659501196,0.032067960659501196
ca735620-los-angeles-santa-monica-state-beach-smb-3-4,High,0.3,3,True,Pico Kenter storm drain,Los Angeles,2026-09-22,218,0.2706422018348624,0.2685874275681572,2026-09-19,False,20.0,3,True,False,Posted,0.03141257243184281,-0.03141257243184281
ca522676-san-mateo-lakeshore-park-lakeshore-park-rec-center,Low,0.133495,8,False,Lakeshore Park Rec Center,San Mateo,2026-09-22,49,0.16326530612244897,0.16472215458701947,2026-09-14,False,41.0,8,False,False,Elevated,0.031227154587019468,0.031227154587019468
ca826630-ventura-surfers-point-at-seaside-13000,Low,0.059429,8,False,Surfer's Point at Seaside,Ventura,2026-09-22,49,0.08163265306122448,0.09064808051294539,2026-09-14,False,10.0,8,False,False,Low,0.031219080512945384,0.031219080512945384
ca768187-santa-barbara-jalama-beach-wp0000080,Low,0.048367,8,False,WP0000080,Santa Barbara,2026-09-22,47,0.0,0.01721146822498174,2026-09-14,False,41.0,8,False,False,Low,0.03115553177501826,-0.03115553177501826
ca108339-san-diego-mission-bay-mb-085,Low,0.105431,5,False,Fiesta Island NW shore,San Diego,2026-09-22,31,0.12903225806451613,0.1359721207694181,2026-09-17,False,217.0,5,False,False,Elevated,0.03054112076941809,0.03054112076941809
ca883945-san-mateo-pescadero-state-beach-pescadero-state-beach,Low,0.026316,8,False,Pescadero State Beach,San Mateo,2026-09-22,46,0.043478260869565216,0.05676463426860883,2026-09-14,False,10.0,8,False,False,Low,0.030448634268608832,0.030448634268608832
ca073594-ventura-staircase-beach-50000,Low,0.001739,7,False,50000,Ventura,2026-09-22,23,0.0,0.031964155274966086,2026-09-15,False,10.0,7,False,False,Low,0.030225155274966085,0.030225155274966085
ca011231-ventura-thornhill-broome-beach-46000,Low,0.001739,21,False,46000,Ventura,2026-09-22,23,0.0,0.031964155274966086,2026-09-01,False,10.0,21,False,False,Low,0.030225155274966085,0.030225155274966085
ca225313-ventura-sycamore-cove-beach-47000,Low,0.001739,7,False,47000,Ventura,2026-09-22,24,0.0,0.030861943024105186,2026-09-15,False,10.0,7,False,False,Low,0.029122943024105185,0.029122943024105185
ca333308-san-diego-oceanside-municipal-beach-other-oc-010,Low,0.038045,14,False,St. Malo Beach,San Diego,2026-09-22,53,0.05660377358490566,0.06715510944308707,2026-09-08,False,10.0,14,False,False,Low,0.02911010944308707,0.02911010944308707
ca614148-monterey-lover-s-point-lop,Low,0.047619,29,False,Lovers Point,Monterey,2026-09-22,33,0.06060606060606061,0.0761841144131329,2026-08-24,False,10.0,29,False,False,Low,0.0285651144131329,0.0285651144131329
ca429274-ventura-oxnard-beach-30000,Low,0.001739,7,False,Oxnard Bch-Outrigger Way,Ventura,2026-09-22,25,0.0,0.029833211589968343,2026-09-15,False,10.0,7,False,False,Low,0.028094211589968342,0.028094211589968342
ca142708-ventura-oxnard-beach-park-32000,Low,0.001739,7,False,Oxnard Bch Pk-Falkirk Ave,Ventura,2026-09-22,25,0.0,0.029833211589968343,2026-09-15,False,10.0,7,False,False,Low,0.028094211589968342,0.028094211589968342
ca535498-ventura-hollywood-beach-35000,Low,0.001739,7,False,Hollywood Bch-Los Robles,Ventura,2026-09-22,25,0.0,0.029833211589968343,2026-09-15,False,10.0,7,False,False,Low,0.028094211589968342,0.028094211589968342
ca535498-ventura-hollywood-beach-34000,Low,0.001739,7,False,Hollywood Bch-La Crescen.,Ventura,2026-09-22,25,0.0,0.029833211589968343,2026-09-15,False,10.0,7,False,False,Low,0.028094211589968342,0.028094211589968342
ca789152-san-diego-carlsbad-municipal-beach-eh-480,Low,0.059429,8,False,Buena Vista Lagoon outlet,San Diego,2026-09-22,51,0.0784313725490196,0.08741064906605447,2026-09-14,False,195.0,8,False,False,Low,0.02798164906605447,0.02798164906605447
ca474271-los-angeles-avalon-beach-dph-118,Low,0.0,7,False,south of GP Pier,Los Angeles,2026-09-22,29,0.0,0.026323421991148538,2026-09-15,False,10.0,7,False,False,Low,0.026323421991148538,0.026323421991148538
ca735620-los-angeles-santa-monica-state-beach-dph-105b,Low,0.047619,8,False,Wilshire 50 yards south of storm drain on Santa Monica State Beach,Los Angeles,2026-09-22,48,0.0625,0.07349049712639717,2026-09-14,False,10.0,8,False,False,Low,0.02587149712639717,0.02587149712639717
ca665589-humboldt-trinidad-state-beach-mill-creek-trinidad,Low,0.133495,8,False,Trinidad Beach near Mill Creek,Humboldt,2026-09-22,31,0.0967741935483871,0.10819434299164028,2026-09-14,False,10.0,8,False,False,Elevated,0.02530065700835972,-0.02530065700835972
ca800537-marin-paradise-cove-paradise-cove,Low,0.038045,7,False,PARADISE COVE,Marin,2026-09-22,25,0.04,0.06316654492330168,2026-09-15,False,10.0,7,False,False,Low,0.025121544923301674,0.025121544923301674
ca145203-ventura-silverstrand-beach-40000,Low,0.013051,7,False,Silverstrand Bch-Sawtelle,Ventura,2026-09-22,45,0.022222222222222223,0.037899926953981006,2026-09-15,False,10.0,7,False,False,Low,0.024848926953981006,0.024848926953981006
ca785240-san-diego-torrey-pines-state-beach-fm-100,Low,0.038045,7,False,Los Penasquitos Lagoon,San Diego,2026-09-22,73,0.0547945205479452,0.06275636343203911,2026-09-15,False,1309.0,7,False,False,Low,0.024711363432039106,0.024711363432039106
ca273334-san-diego-south-casa-beach-s-d-eh-310,Moderate,0.2,28,False,Children's Pool,San Diego,2026-09-22,40,0.175,0.17544436328220112,2026-08-25,True,180.0,28,False,False,Elevated,0.024555636717798895,-0.024555636717798895
ca817952-santa-barbara-refugio-state-beach-wp0000183,Low,0.048367,8,False,WP0000183,Santa Barbara,2026-09-22,49,0.061224489795918366,0.07212956199442686,2026-09-14,False,10.0,8,False,False,Low,0.023762561994426855,0.023762561994426855
ca659485-ventura-kiddie-beach-37000,Low,0.038045,7,False,37000,Ventura,2026-09-22,42,0.047619047619047616,0.06159566697232022,2026-09-15,False,10.0,7,False,False,Low,0.023550666972320215,0.023550666972320215
ca456614-los-angeles-carbon-beach-smb-1-13,Low,0.047619,7,False,Sweet Water Canyon SD,Los Angeles,2026-09-22,50,0.06,0.07081811541271,2026-09-15,False,10.0,7,False,False,Low,0.023199115412710004,0.023199115412710004
ca562372-san-mateo-venice-state-beach-venice-beach,Low,0.063492,8,False,Venice Beach,San Mateo,2026-09-22,40,0.075,0.08655547439331222,2026-09-14,False,10.0,8,False,False,Low,0.023063474393312217,0.023063474393312217
ca776567-san-mateo-bean-hollow-state-beach-bean-hollow-state-beach,Low,0.038045,36,False,Bean Hollow State Beach,San Mateo,2026-09-22,43,0.046511627906976744,0.06031242391039688,2026-08-17,False,10.0,36,False,False,Unmonitored,0.022267423910396877,0.022267423910396877
ca108339-san-diego-mission-bay-mb-226,Low,0.059429,6,False,Mission Point Park,San Diego,2026-09-22,43,0.06976744186046512,0.08114575724373022,2026-09-16,False,551.0,6,False,False,Low,0.021716757243730213,0.021716757243730213
ca465304-san-luis-obispo-olde-port-beach-olde12,Low,0.133495,14,False,131 yds west of lifeguard station/restrooms,San Luis Obispo,2026-09-22,33,0.15151515151515152,0.15513148283418554,2026-09-08,False,10.0,14,False,False,Elevated,0.02163648283418554,0.02163648283418554
ca799523-san-diego-ocean-beach-pl-110,Low,0.038045,27,False,Stub Jetty south side,San Diego,2026-09-22,49,0.0,0.016574006438871303,2026-08-26,False,28.0,27,False,False,Low,0.0214709935611287,-0.0214709935611287
ca613272-ventura-oil-piers-beach-4000,Low,0.048367,8,False,4000,Ventura,2026-09-22,28,0.0,0.027121101445425767,2026-09-14,False,10.0,8,False,False,Low,0.021245898554574233,-0.021245898554574233
ca938432-marin-chicken-ranch-chicken-ranch,Low,0.048367,8,False,Chicken Ranch Beach at Creek,Marin,2026-09-22,28,0.0,0.027121101445425767,2026-09-14,False,10.0,8,False,False,Low,0.021245898554574233,-0.021245898554574233
ca279698-long-beach-city-long-beach-b-11,High,0.310345,14,False,72nd Place-Beach,Los Angeles,2026-09-22,46,0.34782608695652173,0.33127443819017743,2026-09-08,True,2005.0,14,False,False,Elevated,0.020929438190177452,0.020929438190177452
ca298722-orange-aliso-county-beach-s4,Low,0.038045,29,False,9th St/1000 Steps Beach,Orange,2026-09-22,47,0.0,0.01721146822498174,2026-08-24,False,1.0,29,False,False,Low,0.020833531775018264,-0.020833531775018264
ca459241-san-luis-obispo-avila-beach-ab8,Low,0.047619,14,False,249 yds east of pier by last steps on rock wall-Sa,San Luis Obispo,2026-09-22,28,0.0,0.027121101445425767,2026-09-08,False,10.0,14,False,False,Low,0.020497898554574234,-0.020497898554574234
ca210598-santa-barbara-guadalupe-dunes-wp0000018,Low,0.038045,8,False,Guadalupe Dunes Beach,Santa Barbara,2026-09-22,46,0.0,0.017548947994099028,2026-09-14,False,10.0,8,False,False,Low,0.020496052005900975,-0.020496052005900975
ca279462-los-angeles-zuma-beach-dph-007,Low,0.0,7,False,Westward Beach on Point Dume County Beach,Los Angeles,2026-09-22,39,0.0,0.020340826084069327,2026-09-15,False,20.0,7,False,False,Low,0.020340826084069327,0.020340826084069327
ca643858-los-angeles-malibu-lagoon-state-beach-dph-003,Low,0.0005819939237721428,7,False,Malibu Colony Dr.,Los Angeles,2026-09-22,38,0.0,0.020813868551140705,2026-09-15,False,10.0,7,False,False,Low,0.020231874627368564,0.020231874627368564
ca108798-santa-barbara-coal-oil-point-wp0000012,Low,0.038045,8,False,Sands at Coal Oil Point,Santa Barbara,2026-09-22,45,0.0,0.017899926953981005,2026-09-14,False,30.0,8,False,False,Low,0.020145073046018997,-0.020145073046018997
ca575202-los-angeles-will-rogers-state-beach-dph-102b,Low,0.038045,8,False,Pacific Palisades. At chainlink fence. on Will Rogers Beach,Los Angeles,2026-09-22,45,0.0,0.017899926953981005,2026-09-14,False,97.0,8,False,False,Low,0.020145073046018997,-0.020145073046018997
ca986324-sonoma-still-water-cove-regional-park-beach-stillwater,Low,0.013051,34,False,Stillwater Regional Park Beach,Sonoma,2026-09-22,22,0.0,0.033148012877742605,2026-08-19,False,10.0,34,False,False,Unmonitored,0.020097012877742605,0.020097012877742605
ca150395-los-angeles-puerco-beach-dph-004b,Low,0.0,7,False,Puerco Beach at life guard station near bridge,Los Angeles,2026-09-22,40,0.0,0.019888807726645565,2026-09-15,False,10.0,7,False,False,Low,0.019888807726645565,0.019888807726645565
ca066832-los-angeles-point-dume-county-beach-dph-007b,Low,0.0,5,False,Westward Beach just east of Zuma Creek  on Point Dume County Beach,Los Angeles,2026-09-22,40,0.0,0.019888807726645565,2026-09-17,False,10.0,5,False,False,Low,0.019888807726645565,0.019888807726645565
ca150395-los-angeles-puerco-beach-dph-004,Low,0.0,7,False,DPH 004,Los Angeles,2026-09-22,40,0.0,0.019888807726645565,2026-09-15,False,10.0,7,False,False,Low,0.019888807726645565,0.019888807726645565
ca531801-santa-barbara-carpinteria-state-wp0000180,Low,0.038045,8,False,WP0000180,Santa Barbara,2026-09-22,45,0.044444444444444446,0.05789992695398101,2026-09-14,False,20.0,8,False,False,Low,0.019854926953981007,0.019854926953981007
ca279462-los-angeles-zuma-beach-dph-008b,Low,0.001739,7,False,Zuma Beach 50 yds east of Trancas Bridge,Los Angeles,2026-09-22,37,0.0,0.021309436849977388,2026-09-15,False,10.0,7,False,False,Low,0.019570436849977387,0.019570436849977387
ca575202-los-angeles-will-rogers-state-beach-dph-103,Low,0.038045,8,False,Temescal Canyon storm drain on Will Rogers Beach,Los Angeles,2026-09-22,43,0.0,0.018645757243730215,2026-09-14,False,10.0,8,False,False,Low,0.019399242756269787,-0.019399242756269787
ca575202-los-angeles-will-rogers-state-beach-dph-103b,Low,0.038045,8,False,50 yards south of  storm drain on Will Rogers Beach,Los Angeles,2026-09-22,43,0.0,0.018645757243730215,2026-09-14,False,10.0,8,False,False,Low,0.019399242756269787,-0.019399242756269787
ca359042-marin-miller-park-miller-park,Low,0.038045,8,False,Miller Point,Marin,2026-09-22,28,0.03571428571428571,0.05742413174845607,2026-09-14,False,10.0,8,False,False,Low,0.01937913174845607,0.01937913174845607
ca150836-mendocino-big-river-mendocino-bay-headlands-sp-big-river,Low,0.038045,7,False,Big River,Mendocino,2026-09-22,28,0.03571428571428571,0.05742413174845607,2026-09-15,False,10.0,7,False,False,Low,0.01937913174845607,0.01937913174845607
ca290892-mendocino-hare-creek-hare-creek,Low,0.038045,7,False,Hare Creek,Mendocino,2026-09-22,28,0.03571428571428571,0.05742413174845607,2026-09-15,False,10.0,7,False,False,Low,0.01937913174845607,0.01937913174845607
ca838417-monterey-san-carlos-beach-scb,Low,0.038045,41,False,SCB,Monterey,2026-09-22,28,0.03571428571428571,0.05742413174845607,2026-08-12,False,10.0,41,False,False,Unmonitored,0.01937913174845607,0.01937913174845607
ca831072-ventura-ormond-beach-42000,Low,0.038045,7,False,Ormond Beach- J St.,Ventura,2026-09-22,28,0.03571428571428571,0.05742413174845607,2026-09-15,False,10.0,7,False,False,Low,0.01937913174845607,0.01937913174845607
ca728616-sonoma-salmon-creek-state-park-beach-salmon-creek,Low,0.013051,36,False,Salmon Creek State Beach,Sonoma,2026-09-22,23,0.0,0.031964155274966086,2026-08-17,False,10.0,36,False,False,Unmonitored,0.018913155274966086,0.018913155274966086
ca603369-sonoma-black-point-regional-park-beach-black-point,Low,0.013051,36,False,Black Point,Sonoma,2026-09-22,23,0.0,0.031964155274966086,2026-08-17,False,20.0,36,False,False,Unmonitored,0.018913155274966086,0.018913155274966086
ca350750-sonoma-doran-regional-park-beach-doran-park,Low,0.013051,36,False,Doran Park,Sonoma,2026-09-22,23,0.0,0.031964155274966086,2026-08-17,False,10.0,36,False,False,Unmonitored,0.018913155274966086,0.018913155274966086
ca588340-sonoma-goat-rock-state-park-beach-goat-rock,Low,0.013051,36,False,Goat Rock State Beach,Sonoma,2026-09-22,23,0.0,0.031964155274966086,2026-08-17,False,10.0,36,False,False,Unmonitored,0.018913155274966086,0.018913155274966086
ca368083-sonoma-gualala-regional-park-beach-gualala,Low,0.013051,36,False,Gualala,Sonoma,2026-09-22,23,0.0,0.031964155274966086,2026-08-17,False,10.0,36,False,False,Unmonitored,0.018913155274966086,0.018913155274966086
ca210985-los-angeles-hermosa-beach-dph-114,Low,0.019868,8,False,26th Street,Los Angeles,2026-09-22,44,0.022727272727272728,0.038673394851001026,2026-09-14,False,51.0,8,False,False,Low,0.018805394851001026,0.018805394851001026
ca704955-los-angeles-venice-city-beach-dph-108,Low,0.019868,8,False,Venice Pier on Venice City Beach,Los Angeles,2026-09-22,44,0.022727272727272728,0.038673394851001026,2026-09-14,False,10.0,8,False,False,Low,0.018805394851001026,0.018805394851001026
ca976061-san-diego-buccaneer-beach-oc-030,Low,0.031325,14,False,500'N. of Loma Alta outlet,San Diego,2026-09-22,53,0.03773584905660377,0.049913730132742244,2026-09-08,False,10.0,14,False,False,Low,0.018588730132742246,0.018588730132742246
ca825837-orange-dana-point-s1,Low,0.038045,29,False,Dana Strands,Orange,2026-09-22,41,0.0,0.019456442341283704,2026-08-24,False,1.0,29,False,False,Low,0.0185885576587163,-0.0185885576587163
ca923141-santa-cruz-lighthouse-beach-o510,Low,0.031325,14,False,O510,Santa Cruz,2026-09-22,13,0.0,0.04972201931661391,2026-09-08,False,10.0,14,False,False,Low,0.01839701931661391,0.01839701931661391
ca861949-ventura-county-line-beach-49500,Low,0.0,7,False,49500,Ventura,2026-09-22,44,0.0,0.018265231585694906,2026-09-15,False,10.0,7,False,False,Low,0.018265231585694906,0.018265231585694906
ca900091-san-mateo-sharp-park-beach-sharp-park-beach-3,Low,0.019868,8,False,Sharp Park Beach #3,San Mateo,2026-09-22,45,0.022222222222222223,0.037899926953981006,2026-09-14,False,10.0,8,False,False,Low,0.018031926953981006,0.018031926953981006
ca435852-los-angeles-dan-blocker-county-beach-dph-005,Low,0.026316,7,False,Latigo Shore Dr. on Dan Blocker State Beach,Los Angeles,2026-09-22,38,0.02631578947368421,0.04406968250462908,2026-09-15,False,10.0,7,False,False,Low,0.01775368250462908,0.01775368250462908
ca108339-san-diego-mission-bay-mb-015,Low,0.038045,5,False,Enchanted Cove,San Diego,2026-09-22,29,0.034482758620689655,0.05573518669703089,2026-09-17,False,683.0,5,False,False,Low,0.017690186697030888,0.017690186697030888
ca187747-san-luis-obispo-san-simeon-beach-pico23,Low,0.038045,14,False,Pico Ave-San Simeon-out from stairs,San Luis Obispo,2026-09-22,29,0.034482758620689655,0.05573518669703089,2026-09-08,False,10.0,14,False,False,Low,0.017690186697030888,0.017690186697030888
ca575202-los-angeles-will-rogers-state-beach-dph-102,Low,0.133495,3,False,Bel Air Bay Club on Will Rogers Beach,Los Angeles,2026-09-22,54,0.14814814814814814,0.15076264996100086,2026-09-19,False,41.0,3,False,False,Elevated,0.017267649961000858,0.017267649961000858
ca210985-los-angeles-hermosa-beach-dph-115b,Low,0.022289,8,False,Herdondo 50 yards north of storm drain,Los Angeles,2026-09-22,43,0.023255813953488372,0.03947909057706355,2026-09-14,False,10.0,8,False,False,Low,0.01719009057706355,0.01719009057706355
ca751350-san-francisco-china-beach-ocean-17-sl,Low,0.022289,8,False,OCEAN#17_SL,San Francisco,2026-09-22,43,0.023255813953488372,0.03947909057706355,2026-09-14,False,10.0,8,False,False,Low,0.01719009057706355,0.01719009057706355
ca141759-san-mateo-roosevelt-state-beach-roosevelt-state-beach,Low,0.059429,8,False,Roosevelt State Beach,San Mateo,2026-09-22,46,0.06521739130434782,0.07637247740586373,2026-09-14,False,10.0,8,False,False,Low,0.016943477405863723,0.016943477405863723
ca826873-east-bay-parks-district-keller-beach-contra-costa-co-keller-south-beach,High,0.3,14,True,South Beach,East Bay Parks District,2026-09-22,37,0.2972972972972973,0.2832141987547393,2026-09-08,False,52.0,14,True,False,Posted,0.01678580124526069,-0.01678580124526069
ca880045-san-mateo-rockaway-beach-rockaway-beach,Low,0.064538,8,False,Rockaway Beach,San Mateo,2026-09-22,43,0.06976744186046512,0.08114575724373022,2026-09-14,False,10.0,8,False,False,Low,0.016607757243730217,0.016607757243730217
ca650180-san-diego-powerhouse-park-15th-street-eh-360,Low,0.038045,7,False,15th St. near outlet,San Diego,2026-09-22,48,0.041666666666666664,0.05462257259809529,2026-09-15,False,301.0,7,False,False,Low,0.016577572598095287,0.016577572598095287
ca218180-santa-barbara-east-beach-wp0000083,Low,0.038045,8,False,East Beach Sycamore Creek,Santa Barbara,2026-09-22,48,0.041666666666666664,0.05462257259809529,2026-09-14,False,10.0,8,False,False,Low,0.016577572598095287,0.016577572598095287
ca670739-los-angeles-outer-cabrillo-beach-smb-7-9,Low,0.019868,7,False,SMB-7-9,Los Angeles,2026-09-22,47,0.02127659574468085,0.03644223745575097,2026-09-15,False,40.0,7,False,False,Low,0.016574237455750967,0.016574237455750967
ca042969-los-angeles-el-segundo-beach-dph-112,Low,0.001739,8,False,Grand Ave.,Los Angeles,2026-09-22,44,0.0,0.018265231585694906,2026-09-14,False,10.0,8,False,False,Low,0.016526231585694905,0.016526231585694905
ca704955-los-angeles-venice-city-beach-dph-107b,Low,0.022289,8,False,Brooks 50 yards south of storm drain on Venice City Beach,Los Angeles,2026-09-22,44,0.022727272727272728,0.038673394851001026,2026-09-14,False,10.0,8,False,False,Low,0.016384394851001027,0.016384394851001027
ca202251-santa-cruz-cowell-beach-o490,Low,0.022289,8,False,O490,Santa Cruz,2026-09-22,44,0.022727272727272728,0.038673394851001026,2026-09-14,False,10.0,8,False,False,Low,0.016384394851001027,0.016384394851001027
ca993851-san-luis-obispo-oceano-dunes-state-rec-area-ocb13,Low,0.038045,14,False,350 yds north of Pier Ave,San Luis Obispo,2026-09-22,30,0.03333333333333333,0.05414275279140144,2026-09-08,False,10.0,14,False,False,Low,0.016097752791401437,0.016097752791401437
ca606869-san-diego-south-carlsbad-state-beach-en-020,Low,0.019868,8,False,Ponto Drive,San Diego,2026-09-22,48,0.020833333333333332,0.0357546480697934,2026-09-14,False,6.0,8,False,False,Low,0.0158866480697934,0.0158866480697934
ca445092-san-luis-obispo-morro-bay-city-beach-mb13,Low,0.041916,14,False,Atascadero Ave,San Luis Obispo,2026-09-22,29,0.0,0.026323421991148538,2026-09-08,False,10.0,14,False,False,Low,0.015592578008851464,-0.015592578008851464
ca893291-orange-south-laguna-beach-s5,Low,0.038045,29,False,Laguna Lido Apartment,Orange,2026-09-22,49,0.04081632653061224,0.05361104347590834,2026-08-24,False,1.0,29,False,False,Low,0.015566043475908335,0.015566043475908335
ca474271-los-angeles-avalon-beach-dph-123,Low,0.059429,21,False,Descanso Bay,Los Angeles,2026-09-22,7,0.0,0.07458302897492086,2026-09-01,False,10.0,21,False,False,Low,0.01515402897492086,0.01515402897492086
ca474271-los-angeles-avalon-beach-dph-124,Low,0.059429,21,False,Descanso Bay,Los Angeles,2026-09-22,7,0.0,0.07458302897492086,2026-09-01,False,10.0,21,False,False,Low,0.01515402897492086,0.01515402897492086
ca269065-ventura-mandos-cove-beach-8100,Low,0.041916,8,False,Mondos Cove Beach,Ventura,2026-09-22,28,0.0,0.027121101445425767,2026-09-14,False,10.0,8,False,False,Low,0.014794898554574235,-0.014794898554574235
ca152716-san-diego-cardiff-state-beach-se-040,Low,0.019868,14,False,Las Olas (Georges),San Diego,2026-09-22,50,0.02,0.034454479049073644,2026-09-08,False,20.0,14,False,False,Low,0.014586479049073644,0.014586479049073644
ca792491-san-francisco-candlestick-point-bay-301-2-sl,Low,0.059429,8,False,Jack Rabbit Beach,San Francisco,2026-09-22,48,0.0625,0.07349049712639717,2026-09-14,False,10.0,8,False,False,Low,0.01406149712639717,0.01406149712639717
ca594125-san-francisco-ocean-beach-ocean-18-sl,Low,0.059429,8,False,"Ocean Beach, at Balboa St.",San Francisco,2026-09-22,48,0.0625,0.07349049712639717,2026-09-14,False,10.0,8,False,False,Low,0.01406149712639717,0.01406149712639717
ca594125-san-francisco-ocean-beach-ocean-19-sl,Low,0.059429,8,False,"Ocean Beach, at Lincoln Ave.",San Francisco,2026-09-22,48,0.0625,0.07349049712639717,2026-09-14,False,10.0,8,False,False,Low,0.01406149712639717,0.01406149712639717
ca594125-san-francisco-ocean-beach-ocean-21-1-sl,Low,0.059429,8,False,"Ocean Beach, at Sloat Blvd.",San Francisco,2026-09-22,48,0.0625,0.07349049712639717,2026-09-14,False,10.0,8,False,False,Low,0.01406149712639717,0.01406149712639717
ca876094-san-diego-la-jolla-shores-beach-eh-340,Low,0.007812,28,False,El Paseo Grande,San Diego,2026-09-22,37,0.0,0.021309436849977388,2026-08-25,False,2.0,28,False,False,Low,0.013497436849977389,0.013497436849977389
ca474271-los-angeles-avalon-beach-dph-121,Low,0.013051,7,False,bet. BBC and TC,Los Angeles,2026-09-22,29,0.0,0.026323421991148538,2026-09-15,False,10.0,7,False,False,Low,0.013272421991148538,0.013272421991148538
ca826148-monterey-asilomar-state-beach-sda,Low,0.038045,29,False,Sunset at Asilomar,Monterey,2026-09-22,31,0.0,0.024861009658306954,2026-08-24,False,10.0,29,False,False,Low,0.013183990341693048,-0.013183990341693048
ca433830-monterey-monterey-beach-hotel-mbh,Low,0.038045,29,False,MBH,Monterey,2026-09-22,31,0.0,0.024861009658306954,2026-08-24,False,10.0,29,False,False,Low,0.013183990341693048,-0.013183990341693048
ca059339-san-diego-san-elijo-state-beach-se-070,Low,0.064538,14,False,stairs near main entrance,San Diego,2026-09-22,58,0.06896551724137931,0.07769835472538175,2026-09-08,False,62.0,14,False,False,Low,0.013160354725381754,0.013160354725381754
ca787106-ventura-la-conchita-beach-2500,Low,0.022289,8,False,2500,Ventura,2026-09-22,49,0.02040816326530612,0.03509252495738982,2026-09-14,False,10.0,8,False,False,Low,0.01280352495738982,0.01280352495738982
ca204955-san-diego-coronado-city-beaches-ib-080,Low,0.047619,28,False,Avd. del Sol,San Diego,2026-09-22,49,0.02040816326530612,0.03509252495738982,2026-08-25,False,80.0,28,False,False,Low,0.012526475042610181,-0.012526475042610181
ca799523-san-diego-ocean-beach-pl-100,Low,0.022289,27,False,Newport Ave,San Diego,2026-09-22,50,0.02,0.034454479049073644,2026-08-26,False,3.0,27,False,False,Low,0.012165479049073644,0.012165479049073644
ca199513-san-francisco-aquatic-park-bay-210-1-sl,Low,0.048367,8,False,Hyde Street Pier,San Francisco,2026-09-22,47,0.02127659574468085,0.03644223745575097,2026-09-14,False,10.0,8,False,False,Low,0.011924762544249033,-0.011924762544249033
ca333308-san-diego-oceanside-municipal-beach-other-oc-020,Low,0.038045,14,False,Cassidy Street,San Diego,2026-09-22,53,0.03773584905660377,0.049913730132742244,2026-09-08,False,10.0,14,False,False,Low,0.011868730132742242,0.011868730132742242
ca445092-san-luis-obispo-morro-bay-city-beach-mb11,Low,0.038045,14,False,75 ft north of main parking lot,San Luis Obispo,2026-09-22,29,0.0,0.026323421991148538,2026-09-08,False,10.0,14,False,False,Low,0.011721578008851465,-0.011721578008851465
ca993851-san-luis-obispo-oceano-dunes-state-rec-area-ocb11,Low,0.038045,14,False,571 yds south of Pier Ave last house end of Strand,San Luis Obispo,2026-09-22,29,0.0,0.026323421991148538,2026-09-08,False,10.0,14,False,False,Low,0.011721578008851465,-0.011721578008851465
ca105443-marin-millerton-point-millerton-point,Low,0.038045,8,False,MILLERTON POINT,Marin,2026-09-22,29,0.0,0.026323421991148538,2026-09-14,False,10.0,8,False,False,Low,0.011721578008851465,-0.011721578008851465
ca425745-san-luis-obispo-cayucos-beach-cay14,Low,0.038045,14,False,"Farthest swing set, near D street",San Luis Obispo,2026-09-22,29,0.0,0.026323421991148538,2026-09-08,False,10.0,14,False,False,Low,0.011721578008851465,-0.011721578008851465
ca701555-humboldt-mad-river-beach-co-park-north-mad-river-mouth,Low,0.038045,8,False,Clam Beach near Mad River,Humboldt,2026-09-22,29,0.0,0.026323421991148538,2026-09-14,False,10.0,8,False,False,Low,0.011721578008851465,-0.011721578008851465
ca289877-san-diego-mission-bay-ventura-cove-mb-223,Low,0.06875,6,False,Ventura Cove,San Diego,2026-09-22,31,0.06451612903225806,0.0804165652138625,2026-09-16,False,295.0,6,False,False,Low,0.011666565213862501,0.011666565213862501
ca253340-san-francisco-crissy-field-bay-202-4-sl,Low,0.048367,8,False,"Crissy Field, East",San Francisco,2026-09-22,46,0.021739130434782608,0.03715679113135393,2026-09-14,False,10.0,8,False,False,Low,0.011210208868646071,-0.011210208868646071
ca799249-san-luis-obispo-hearst-memorial-state-beach-hsb23,Low,0.038045,14,False,100 yards west of the pier (creek outfall),San Luis Obispo,2026-09-22,28,0.0,0.027121101445425767,2026-09-08,False,10.0,14,False,False,Low,0.010923898554574235,-0.010923898554574235
ca504816-ventura-promenade-park-beach-15000,Low,0.038045,8,False,Promenade Pk-Redwood Apts,Ventura,2026-09-22,28,0.0,0.027121101445425767,2026-09-14,False,10.0,8,False,False,Low,0.010923898554574235,-0.010923898554574235
ca333308-san-diego-oceanside-municipal-beach-other-oc-040,Low,0.022289,14,False,Forster Street,San Diego,2026-09-22,53,0.018867924528301886,0.03267235082239742,2026-09-08,False,10.0,14,False,False,Low,0.010383350822397417,0.010383350822397417
ca253340-san-francisco-crissy-field-bay-202-5-sl,Low,0.064538,8,False,Crissy Field West,San Francisco,2026-09-22,47,0.06382978723404255,0.07490377591728943,2026-09-14,False,10.0,8,False,False,Low,0.010365775917289433,0.010365775917289433
ca631766-san-francisco-baker-beach-ocean-15east-sl,Low,0.059429,8,False,"Baker Beach East, Upper Parking Lot",San Francisco,2026-09-22,51,0.058823529411764705,0.06955350620891161,2026-09-14,False,10.0,8,False,False,Low,0.010124506208911609,0.010124506208911609
ca142708-ventura-oxnard-beach-park-33000,Low,0.019868,7,False,Oxnard Bch Pk-Starfish Dr,Ventura,2026-09-22,25,0.0,0.029833211589968343,2026-09-15,False,10.0,7,False,False,Low,0.009965211589968343,0.009965211589968343
ca059339-san-diego-san-elijo-state-beach-eh-403,Low,0.026316,14,False,north end of bluffs,San Diego,2026-09-22,49,0.0,0.016574006438871303,2026-09-08,False,10.0,14,False,False,Low,0.009741993561128696,-0.009741993561128696
ca059339-san-diego-san-elijo-state-beach-eh-400,Low,0.026316,14,False,Pipes,San Diego,2026-09-22,49,0.0,0.016574006438871303,2026-09-08,False,10.0,14,False,False,Low,0.009741993561128696,-0.009741993561128696
ca217706-marin-rodeo-beach-rodeo-beach-north,Low,0.022289,7,False,RODEO BEACH - NORTH,Marin,2026-09-22,23,0.0,0.031964155274966086,2026-09-15,False,10.0,7,False,False,Low,0.009675155274966086,0.009675155274966086
ca949186-santa-cruz-seacliff-state-beach-o140,Low,0.022289,14,False,O140,Santa Cruz,2026-09-22,23,0.0,0.031964155274966086,2026-09-08,False,10.0,14,False,False,Low,0.009675155274966086,0.009675155274966086
ca606869-san-diego-south-carlsbad-state-beach-en-030,Low,0.026316,8,False,Encina Creek outlet,San Diego,2026-09-22,48,0.020833333333333332,0.0357546480697934,2026-09-14,False,2.0,8,False,False,Low,0.009438648069793401,0.009438648069793401
ca292952-marin-china-camp-china-camp,Low,0.038045,7,False,CHINA CAMP,Marin,2026-09-22,26,0.0,0.028870849925775818,2026-09-15,False,10.0,7,False,False,Low,0.009174150074224185,-0.009174150074224185
ca606869-san-diego-south-carlsbad-state-beach-en-050,Low,0.026316,8,False,Cerezo Drive,San Diego,2026-09-22,47,0.0,0.01721146822498174,2026-09-14,False,6.0,8,False,False,Low,0.00910453177501826,-0.00910453177501826
ca530302-mendocino-caspar-headlands-sb-caspar-headlands,Low,0.048367,7,False,Casper Headlands,Mendocino,2026-09-22,28,0.03571428571428571,0.05742413174845607,2026-09-15,False,10.0,7,False,False,Low,0.009057131748456071,0.009057131748456071
ca628494-san-diego-sunset-cliffs-park-pl-070,Low,0.007812,27,False,Ladera Street,San Diego,2026-09-22,49,0.0,0.016574006438871303,2026-08-26,False,20.0,27,False,False,Low,0.008762006438871303,0.008762006438871303
ca009204-san-diego-carlsbad-state-beach-eh-460,Low,0.048367,7,False,Tamarack Av,San Diego,2026-09-22,46,0.043478260869565216,0.05676463426860883,2026-09-15,False,195.0,7,False,False,Low,0.00839763426860883,0.00839763426860883
ca982426-san-diego-marine-street-beach-eh-290,Low,0.013051,28,False,Vista De La Playa,San Diego,2026-09-22,37,0.0,0.021309436849977388,2026-08-25,False,4.0,28,False,False,Low,0.008258436849977388,0.008258436849977388
ca145203-ventura-silverstrand-beach-38000,Low,0.013051,7,False,Silverstrand Bch-San Nic.,Ventura,2026-09-22,37,0.0,0.021309436849977388,2026-09-15,False,10.0,7,False,False,Low,0.008258436849977388,0.008258436849977388
ca549566-san-diego-whispering-sands-nicholson-pt-eh-300,Low,0.013051,28,False,Ravina south Nicholson Pt,San Diego,2026-09-22,37,0.0,0.021309436849977388,2026-08-25,False,2.0,28,False,False,Low,0.008258436849977388,0.008258436849977388
ca273334-san-diego-south-casa-beach-s-d-eh-305,Low,0.013051,28,False,South Casa beach,San Diego,2026-09-22,37,0.0,0.021309436849977388,2026-08-25,False,2.0,28,False,False,Low,0.008258436849977388,0.008258436849977388
ca908839-marin-stinson-beach-stinson-beach-central,Low,0.038045,7,False,STINSON BEACH - CENTRAL,Marin,2026-09-22,25,0.0,0.029833211589968343,2026-09-15,False,10.0,7,False,False,Low,0.008211788410031659,-0.008211788410031659
ca133077-long-beach-city-alamitos-bay-beach-b-22,Low,0.182353,6,False,Mothers' Beach,Los Angeles,2026-09-22,46,0.17391304347826086,0.17441169309213825,2026-09-16,False,53.0,6,False,False,Elevated,0.00794130690786174,-0.00794130690786174
ca876094-san-diego-la-jolla-shores-beach-si-010,Low,0.019868,20,False,1000 ft south of Scripps Pier,San Diego,2026-09-22,70,0.0,0.011933284635987338,2026-09-02,False,4.0,20,False,False,Low,0.007934715364012662,-0.007934715364012662
ca612137-ventura-faria-county-park-beach-7000,Low,0.064538,8,False,Faria County Park,Ventura,2026-09-22,46,0.043478260869565216,0.05676463426860883,2026-09-14,False,10.0,8,False,False,Low,0.007773365731391167,-0.007773365731391167
ca120855-santa-barbara-arroyo-burro-wp0000147,Low,0.064538,8,False,WP0000147,Santa Barbara,2026-09-22,46,0.043478260869565216,0.05676463426860883,2026-09-14,False,10.0,8,False,False,Low,0.007773365731391167,-0.007773365731391167
ca152716-san-diego-cardiff-state-beach-se-050,Low,0.059429,14,False,Charthouse parking,San Diego,2026-09-22,51,0.0392156862745098,0.051696363351768755,2026-09-08,False,10.0,14,False,False,Low,0.0077326366482312475,-0.0077326366482312475
ca852440-san-mateo-pillar-point-harbor-pillar-point-8,Low,0.048367,8,False,local name = Mavericks Parking lot,San Mateo,2026-09-22,47,0.0425531914893617,0.0556730066865202,2026-09-14,False,10.0,8,False,False,Low,0.007306006686520199,0.007306006686520199
ca631455-mendocino-van-damme-sp-van-damme,Low,0.019868,7,False,Van Damme (Little River),Mendocino,2026-09-22,28,0.0,0.027121101445425767,2026-09-15,False,10.0,7,False,False,Low,0.007253101445425767,0.007253101445425767
ca850317-mendocino-pudding-creek-beach-pudding-creek,Low,0.019868,7,False,Pudding Creek,Mendocino,2026-09-22,28,0.0,0.027121101445425767,2026-09-15,False,10.0,7,False,False,Low,0.007253101445425767,0.007253101445425767
ca700919-ventura-marina-park-beach-22000,Low,0.019868,8,False,22000,Ventura,2026-09-22,28,0.0,0.027121101445425767,2026-09-14,False,10.0,8,False,False,Low,0.007253101445425767,0.007253101445425767
ca922367-san-diego-torrey-pines-city-beach-fm-090,Low,0.064538,7,False,Black\\\'s Beach,San Diego,2026-09-22,28,0.03571428571428571,0.05742413174845607,2026-09-15,False,85.0,7,False,False,Low,0.007113868251543927,-0.007113868251543927
ca183338-san-luis-obispo-morro-strand-state-beach-mb14,Low,0.019868,14,False,Alva Paul-Beachcomber Dr & Luzon South restroom ov,San Luis Obispo,2026-09-22,29,0.0,0.026323421991148538,2026-09-08,False,10.0,14,False,False,Low,0.006455421991148538,0.006455421991148538
ca506450-san-diego-san-diego-bay-eh-090,Low,0.064538,4,False,Silver Strand (bayside),San Diego,2026-09-22,50,0.06,0.07081811541271,2026-09-18,False,591.0,4,False,False,Low,0.006280115412710008,0.006280115412710008
ca667461-sonoma-campbell-cove-state-beach-campbell-cove,Low,0.038045,36,False,Campbell Cove,Sonoma,2026-09-22,23,0.0,0.031964155274966086,2026-08-17,False,20.0,36,False,False,Unmonitored,0.006080844725033917,-0.006080844725033917
ca876094-san-diego-la-jolla-shores-beach-eh-330,Low,0.038045,28,False,Del Oro,San Diego,2026-09-22,38,0.02631578947368421,0.04406968250462908,2026-08-25,False,2.0,28,False,False,Low,0.006024682504629078,0.006024682504629078
ca208646-san-diego-mission-beach-pl-120,Low,0.022289,26,False,Belmont Park,San Diego,2026-09-22,50,0.0,0.01627266086725546,2026-08-27,False,5.0,26,False,False,Low,0.00601633913274454,-0.00601633913274454
ca152716-san-diego-cardiff-state-beach-se-030,Low,0.022289,14,False,Seaside State Park,San Diego,2026-09-22,49,0.0,0.016574006438871303,2026-09-08,False,20.0,14,False,False,Low,0.005714993561128697,-0.005714993561128697
ca799523-san-diego-ocean-beach-pl-090,Low,0.022289,27,False,O.B. pier @ Narrangaset,San Diego,2026-09-22,49,0.0,0.016574006438871303,2026-08-26,False,1.0,27,False,False,Low,0.005714993561128697,-0.005714993561128697
ca666398-ventura-hobson-county-park-beach-5000,Low,0.022289,8,False,Hobson County Park,Ventura,2026-09-22,27,0.0,0.027968635865595323,2026-09-14,False,10.0,8,False,False,Low,0.0056796358655953234,0.0056796358655953234
ca128038-san-luis-obispo-pismo-state-beach-pb3,Low,0.059429,14,False,302 yds south of Pier-Sea Venture green roof-Ocean,San Luis Obispo,2026-09-22,30,0.03333333333333333,0.05414275279140144,2026-09-08,False,10.0,14,False,False,Low,0.005286247208598563,-0.005286247208598563
ca876094-san-diego-la-jolla-shores-beach-eh-320,Low,0.038045,28,False,Vallecitos,San Diego,2026-09-22,39,0.02564102564102564,0.043068098811342055,2026-08-25,False,12.0,28,False,False,Low,0.005023098811342053,0.005023098811342053
ca499735-san-diego-windansea-beach-eh-260,Low,0.026316,28,False,Palomar,San Diego,2026-09-22,37,0.0,0.021309436849977388,2026-08-25,False,20.0,28,False,False,Low,0.005006563150022611,-0.005006563150022611
ca527007-ventura-rincon-beach-1100,Low,0.031325,7,False,1100,Ventura,2026-09-22,29,0.0,0.026323421991148538,2026-09-15,False,10.0,7,False,False,Low,0.005001578008851461,-0.005001578008851461
ca517263-monterey-carmel-beach-cboa,Low,0.019868,29,False,CBOA,Monterey,2026-09-22,31,0.0,0.024861009658306954,2026-08-24,False,20.0,29,False,False,Low,0.004993009658306954,0.004993009658306954
ca187599-marin-heart-s-desire-hearts-desire,Low,0.022289,8,False,HEARTS DESIRE,Marin,2026-09-22,28,0.0,0.027121101445425767,2026-09-14,False,10.0,8,False,False,Low,0.0048321014454257676,0.0048321014454257676
ca219724-marin-shell-beach-shell-beach,Low,0.022289,8,False,SHELL BEACH,Marin,2026-09-22,28,0.0,0.027121101445425767,2026-09-14,False,10.0,8,False,False,Low,0.0048321014454257676,0.0048321014454257676
ca723507-monterey-moss-landing-state-beach-msl,Low,0.059429,43,False,MSL,Monterey,2026-09-22,9,0.0,0.06392831054993217,2026-08-10,False,10.0,43,False,False,Unmonitored,0.004499310549932169,0.004499310549932169
ca202251-santa-cruz-cowell-beach-o494,Low,0.022289,8,False,Cowell Beach Stairs,Santa Cruz,2026-09-22,45,0.0,0.017899926953981005,2026-09-14,False,10.0,8,False,False,Low,0.0043890730460189945,-0.0043890730460189945
ca219578-san-luis-obispo-sewers-sew7,Low,0.022289,14,False,Silver Shoals Drive,San Luis Obispo,2026-09-22,29,0.0,0.026323421991148538,2026-09-08,False,10.0,14,False,False,Low,0.004034421991148538,0.004034421991148538
ca256185-monterey-carmel-river-state-beach-vvs,Low,0.063492,43,False,Valley View at Scenic,Monterey,2026-09-22,10,0.0,0.05966642317993669,2026-08-10,False,10.0,43,False,False,Unmonitored,0.00382557682006332,-0.00382557682006332
ca797256-santa-barbara-butterfly-beach-wp0000023,Low,0.059429,8,False,WP0000023,Santa Barbara,2026-09-22,47,0.0425531914893617,0.0556730066865202,2026-09-14,False,10.0,8,False,False,Low,0.0037559933134798038,-0.0037559933134798038
ca908839-marin-stinson-beach-stinson-beach-north,Low,0.059429,7,False,STINSON BEACH - NORTH,Marin,2026-09-22,25,0.04,0.06316654492330168,2026-09-15,False,10.0,7,False,False,Low,0.0037375449233016736,0.0037375449233016736
ca517375-san-mateo-fitzgerald-marine-moss-beach-fitzgerald-marine-moss-beach,Moderate,0.290123,8,False,Fitzgerald Marine (Moss Beach),San Mateo,2026-09-22,47,0.2978723404255319,0.286442237455751,2026-09-14,False,10.0,8,False,False,Elevated,0.003680762544249039,-0.003680762544249039
ca540690-marin-fort-baker-horseshoe-cove-baker-nw,Low,0.026316,7,False,"Fort Baker, Horseshoe Cove - Northwest",Marin,2026-09-22,25,0.0,0.029833211589968343,2026-09-15,False,10.0,7,False,False,Low,0.0035172115899683443,0.0035172115899683443
ca825837-orange-dana-point-s2,Low,0.022556,29,False,Salt Creek Beach,Orange,2026-09-22,42,0.0,0.019042475482958517,2026-08-24,False,1.0,29,False,False,Low,0.003513524517041483,-0.003513524517041483
ca351889-marin-bolinas-beach-bolinas,Low,0.064538,7,False,BOLINAS,Marin,2026-09-22,26,0.038461538461538464,0.06112891444190485,2026-09-15,False,10.0,7,False,False,Low,0.0034090855580951457,-0.0034090855580951457
ca988763-san-diego-non-accessible-or-restricted-access-shoreline-on-pt-loma-pl-050,Low,0.019868,27,False,Point Loma Treatment Plant,San Diego,2026-09-22,49,0.0,0.016574006438871303,2026-08-26,False,9.0,27,False,False,Low,0.0032939935611286976,-0.0032939935611286976
ca505182-san-diego-solana-beach-city-beaches-se-010,Low,0.019868,14,False,Fletcher Cove outlet,San Diego,2026-09-22,49,0.0,0.016574006438871303,2026-09-08,False,20.0,14,False,False,Low,0.0032939935611286976,-0.0032939935611286976
ca505182-san-diego-solana-beach-city-beaches-se-020,Low,0.019868,14,False,Tide Beach center,San Diego,2026-09-22,49,0.0,0.016574006438871303,2026-09-08,False,20.0,14,False,False,Low,0.0032939935611286976,-0.0032939935611286976
ca010024-ventura-hobie-beach-36000,Low,0.048367,7,False,36000,Ventura,2026-09-22,32,0.03125,0.05121611750537974,2026-09-15,False,10.0,7,False,False,Low,0.0028491175053797363,0.0028491175053797363
ca531242-san-diego-san-dieguito-river-beach-eh-380,Low,0.125,8,False,San Dieguito River outlet,San Diego,2026-09-22,76,0.11842105263157894,0.12216044873702532,2026-09-14,False,1144.0,8,False,False,Elevated,0.0028395512629746794,-0.0028395512629746794
ca606869-san-diego-south-carlsbad-state-beach-en-040,Low,0.019868,8,False,Palomar Airport,San Diego,2026-09-22,47,0.0,0.01721146822498174,2026-09-14,False,2.0,8,False,False,Low,0.0026565317750182615,-0.0026565317750182615
ca298722-orange-aliso-county-beach-s3,Low,0.019868,29,False,Three Arch Bay,Orange,2026-09-22,47,0.0,0.01721146822498174,2026-08-24,False,1.0,29,False,False,Low,0.0026565317750182615,-0.0026565317750182615
ca606869-san-diego-south-carlsbad-state-beach-en-010,Low,0.019868,8,False,Poinsettia Lane,San Diego,2026-09-22,47,0.0,0.01721146822498174,2026-09-14,False,2.0,8,False,False,Low,0.0026565317750182615,-0.0026565317750182615
ca831072-ventura-ormond-beach-43000,Low,0.026316,7,False,Ormond Bch-Indust. Drain,Ventura,2026-09-22,26,0.0,0.028870849925775818,2026-09-15,False,20.0,7,False,False,Low,0.0025548499257758185,0.0025548499257758185
ca208646-san-diego-mission-beach-mb-115,Low,0.038045,6,False,South Mission Beach Jetty,San Diego,2026-09-22,42,0.023809523809523808,0.04031907122763937,2026-09-16,False,470.0,6,False,False,Low,0.002274071227639368,0.002274071227639368
ca185211-marin-drake-s-beach-drakes-beach,Low,0.038045,8,False,Drake\'s Beach,Marin,2026-09-22,20,0.0,0.03579985390796201,2026-09-14,False,10.0,8,False,False,Low,0.0022451460920379918,-0.0022451460920379918
ca631766-san-francisco-baker-beach-ocean-15-sl,Low,0.105431,8,False,"Baker Beach, Lobos Creek at Lower Parking Lot",San Francisco,2026-09-22,52,0.09615384615384616,0.1034209885561237,2026-09-14,False,10.0,8,False,False,Elevated,0.002010011443876303,-0.002010011443876303
ca527007-ventura-rincon-beach-1000,Low,0.133495,8,False,1000,Ventura,2026-09-22,46,0.13043478260869565,0.13519600681762844,2026-09-14,False,20.0,8,False,False,Elevated,0.001701006817628442,0.001701006817628442
ca631432-san-diego-pacific-beach-eh-250,Low,0.022556,28,False,Grand Ave.,San Diego,2026-09-22,37,0.0,0.021309436849977388,2026-08-25,False,10.0,28,False,False,Low,0.0012465631500226115,-0.0012465631500226115
ca499735-san-diego-windansea-beach-fm-050,Low,0.022289,28,False,Bonair,San Diego,2026-09-22,37,0.0,0.021309436849977388,2026-08-25,False,2.0,28,False,False,Low,0.0009795631500226117,-0.0009795631500226117
ca499735-san-diego-windansea-beach-eh-280,Low,0.022289,28,False,Playa Del Norte,San Diego,2026-09-22,37,0.0,0.021309436849977388,2026-08-25,False,2.0,28,False,False,Low,0.0009795631500226117,-0.0009795631500226117
ca435852-los-angeles-dan-blocker-county-beach-dph-005b,Low,0.019868,7,False,In front of Trivoli Bay Vila Treatment Plant on Dan Blocker State Beach,Los Angeles,2026-09-22,38,0.0,0.020813868551140705,2026-09-15,False,10.0,7,False,False,Low,0.000945868551140705,0.000945868551140705
ca704955-los-angeles-venice-city-beach-dph-107,Low,0.038045,8,False,Brooks Ave. on Venice City Beach,Los Angeles,2026-09-22,44,0.022727272727272728,0.038673394851001026,2026-09-14,False,10.0,8,False,False,Low,0.000628394851001024,0.000628394851001024
ca735620-los-angeles-santa-monica-state-beach-dph-104,Low,0.038045,8,False,Montana Ave. on Santa Monica State Beach,Los Angeles,2026-09-22,44,0.022727272727272728,0.038673394851001026,2026-09-14,False,10.0,8,False,False,Low,0.000628394851001024,0.000628394851001024
ca140321-monterey-marina-state-beach-msb,Low,0.064538,43,False,MSB,Monterey,2026-09-22,9,0.0,0.06392831054993217,2026-08-10,False,10.0,43,False,False,Unmonitored,0.0006096894500678268,-0.0006096894500678268
ca775834-monterey-seaside-beach-ssb,Low,0.064538,43,False,Seaside,Monterey,2026-09-22,9,0.0,0.06392831054993217,2026-08-10,False,10.0,43,False,False,Unmonitored,0.0006096894500678268,-0.0006096894500678268
ca415021-los-angeles-leo-carillo-state-beach-dph-010b,Low,0.019868,7,False,Leo Carillo Beach 35000 Pacific Coast Highway,Los Angeles,2026-09-22,39,0.0,0.020340826084069327,2026-09-15,False,10.0,7,False,False,Low,0.000472826084069327,0.000472826084069327
ca651406-monterey-zmudowski-state-beach-zmb,Low,0.063492,43,False,ZMB,Monterey,2026-09-22,9,0.0,0.06392831054993217,2026-08-10,False,10.0,43,False,False,Unmonitored,0.00043631054993216456,0.00043631054993216456
ca331043-marin-lawson-s-landing-lawsons-landing,Low,0.059429,8,False,LAWSONS LANDING,Marin,2026-09-22,27,0.037037037037037035,0.05921863586559532,2026-09-14,False,10.0,8,False,False,Low,0.00021036413440467944,-0.00021036413440467944
