county,beach_name_normalized,station_code,beach_id,notes
East Bay Parks District,keller miller knox regional shoreline,,ca826873-east-bay-parks-district-keller-beach-contra-costa-co-keller-south-beach,EBRPD press releases call this 'Keller Beach at Miller/Knox Regional Shoreline'; closest sampled station is Keller South Beach
San Mateo,linda mar 5,,ca447069-san-mateo-pacifica-state-beach-linda-mar-beach-5,"Live SMC page posts as ""Linda Mar #5""; maps to Pacifica State Beach station"
San Mateo,fitzgerald marine reserve,,ca517375-san-mateo-fitzgerald-marine-moss-beach-fitzgerald-marine-moss-beach,"Live SMC page posts as ""Fitzgerald Marine Reserve""; maps to Moss Beach station"
San Mateo,pillar 7,,ca852440-san-mateo-pillar-point-harbor-pillar-point-7,"Live SMC page posts as ""Pillar Point #7""; direct station match"
San Mateo,dunes,,ca626051-san-mateo-dunes-state-beach-dunes-state-beach,"Live SMC page posts as ""Dunes Beach""; maps to Dunes State Beach"
San Mateo,gazos,,ca534500-san-mateo-gazos-creek-access-gazos-creek,"Live SMC page posts as ""Gazos Creek Beach""; maps to Gazos Creek station"
San Mateo,pomponio,,ca217714-san-mateo-pomponio-state-beach-pomponio-creek,"Live SMC page posts as ""Pomponio Creek""; maps to Pomponio Creek station"
San Mateo,marlin,,ca781317-san-mateo-marlin-park-foster-city-marlin-park,"Live SMC page posts as ""Marlin Park""; maps to Marlin Park station"
Orange,33rd street,,ca845616-orange-newport-bay-bnb11,"Live OC page posts as ""33rd Street Channel""; maps to Newport Bay BNB11 station per page label"
Orange,garnet avenue on south side of balboa island,,ca845616-orange-newport-bay-bnb31,"Live OC page posts as ""Garnet Avenue Beach on south side of Balboa Island""; maps to Newport Bay BNB31 station per page label"
East Bay Parks District,crown regional shoreline,,ca549911-east-bay-parks-district-crown-beach-alameda-co-crown-crab-cove,"EBRPD posts one district-wide notice as 'Crown Beach Regional Shoreline'; the registry carries six sampled points under beach_name 'Crown Beach (Alameda Co)'. One row per point so the advisory fans out to all six rather than clearing five of them"
East Bay Parks District,crown regional shoreline,,ca549911-east-bay-parks-district-crown-beach-alameda-co-crown-bath-house,"EBRPD posts one district-wide notice as 'Crown Beach Regional Shoreline'; the registry carries six sampled points under beach_name 'Crown Beach (Alameda Co)'. One row per point so the advisory fans out to all six rather than clearing five of them"
East Bay Parks District,crown regional shoreline,,ca549911-east-bay-parks-district-crown-beach-alameda-co-crown-bird-sanctuary,"EBRPD posts one district-wide notice as 'Crown Beach Regional Shoreline'; the registry carries six sampled points under beach_name 'Crown Beach (Alameda Co)'. One row per point so the advisory fans out to all six rather than clearing five of them"
East Bay Parks District,crown regional shoreline,,ca549911-east-bay-parks-district-crown-beach-alameda-co-crown-windsurfer-corner,"EBRPD posts one district-wide notice as 'Crown Beach Regional Shoreline'; the registry carries six sampled points under beach_name 'Crown Beach (Alameda Co)'. One row per point so the advisory fans out to all six rather than clearing five of them"
East Bay Parks District,crown regional shoreline,,ca549911-east-bay-parks-district-crown-beach-alameda-co-crown-sunset-rd,"EBRPD posts one district-wide notice as 'Crown Beach Regional Shoreline'; the registry carries six sampled points under beach_name 'Crown Beach (Alameda Co)'. One row per point so the advisory fans out to all six rather than clearing five of them"
East Bay Parks District,crown regional shoreline,,ca549911-east-bay-parks-district-crown-beach-alameda-co-crown-2001-shoreline-dr,"EBRPD posts one district-wide notice as 'Crown Beach Regional Shoreline'; the registry carries six sampled points under beach_name 'Crown Beach (Alameda Co)'. One row per point so the advisory fans out to all six rather than clearing five of them"
Los Angeles,mothers,,ca034301-los-angeles-marina-del-rey-beach-mothers-beach-mdrh-3,"LA county has TWO Mother's Beaches: Marina del Rey (beach_name ""Marina Del Rey Beach - Mothers Beach"") and Long Beach Alamitos Bay (site name ""Mothers' Beach""), ~40km apart. A bare ""Mothers Beach"" posting from LA DPH means Marina del Rey; pin it so the site-level index cannot claim it for Alamitos Bay"
San Mateo,linda mar 5 san pedro,,ca447069-san-mateo-pacifica-state-beach-linda-mar-beach-5,"SMC My Maps KML names the site ""LINDA MAR #5 (at San Pedro Creek)"" (2026-10-02); same Linda Mar #5 station as the row above"
San Mateo,frenchman s,,ca517375-san-mateo-fitzgerald-marine-moss-beach-frenchmans-creek,"SMC My Maps KML posts ""FRENCHMAN'S CREEK"" (2026-10-02); registry station 'Frenchmans Creek' (unsupported, so recorded but not served)"
Orange,newport - bayside drive,,ca845616-orange-newport-bay-bnb33,"ocbeachinfo posts ""Newport Bay - Bayside Drive Beach"" (2026-09-29). Substring layer had put it on Newport Beach BGC (beta) — wrong beach; registry station BNB33 is literally 'Bayside Drive Beach'. Reviewed 2026-10-02."
Orange,dana harbor - all of baby,,ca485061-orange-dana-point-harbor-bdp12,"""Dana Point Harbor - All of Baby Beach"" (2026-10-01) covers all four Baby Beach stations BDP12-15. Substring layer had put it on DSB5U (Doheny North Beach) — wrong beach. Reviewed 2026-10-02."
Orange,dana harbor - all of baby,,ca485061-orange-dana-point-harbor-bdp13,see BDP12 row
Orange,dana harbor - all of baby,,ca485061-orange-dana-point-harbor-bdp14,see BDP12 row
Orange,dana harbor - all of baby,,ca485061-orange-dana-point-harbor-bdp15,see BDP12 row
Orange,poche county - from 75 feet upcoast to 75 feet downcoast of poche poche county,,ca527809-orange-poche-county-beach-pochez,"OC advisory at the Poche Creek outlet (2026-10-02); POCHEZ is the creek zero point. Confirms the substring layer's pick. Reviewed 2026-10-02."
Marin,chicken ranch ditch - b,,ca938432-marin-chicken-ranch-chicken-ranch-ditch,"Marin posts ""Chicken Ranch Ditch - Channel B""; registry 'Chicken Ranch at Ditch'. Confirms the substring layer's pick. Reviewed 2026-10-02."
Marin,dillon ditch,,ca389133-marin-dillon-beach-dillon,"Marin posts ""Dillon Beach Ditch""; registry station DILLON. Confirms the substring layer's pick. Reviewed 2026-10-02."
